pincode,latitude,longitude
110001,28.6333,77.2167
110002,28.6333,77.25
110003,28.65,77.2167
110004,28.65,77.2167
110005,28.65,77.2
110006,28.65,77.2167
110007,28.6833,77.2
110008,28.65,77.2167
110010,28.55,77.2667
110011,28.55,77.2667
110012,28.55,77.2667
110013,28.55,77.2667
110014,28.55,77.2667
110015,28.55,77.2667
110016,28.55,77.2667
110017,28.55,77.2667
110018,28.55,77.2667
110019,28.55,77.2667
110020,28.6488,77.1726
110021,28.6488,77.1726
110022,28.6488,77.1726
110023,28.6488,77.1726
110024,28.6488,77.1726
110025,28.6488,77.1726
110026,28.6488,77.1726
110027,28.6488,77.1726
110028,28.6488,77.1726
110029,28.6488,77.1726
110030,28.7556,77.1667
110031,28.7556,77.1667
110032,28.6667,77.3167
110033,28.7556,77.1667
110034,28.7556,77.1667
110035,28.7556,77.1667
110036,28.8,77.15
110037,28.7556,77.1667
110038,28.7556,77.1667
110039,28.8,77.0333
110040,28.85,77.1
110041,28.6092,77.1569
110042,28.6092,77.1569
110043,28.6125,76.9847
110044,28.5083,77.3
110045,28.5667,77.1
110046,28.6092,77.1569
110047,28.6092,77.1569
110048,28.6092,77.1569
110049,28.6092,77.1569
110051,28.6167,77.2167
110052,28.6167,77.2167
110053,28.6167,77.2167
110054,28.6167,77.2167
110055,28.6167,77.2167
110056,28.6167,77.2167
110057,28.6167,77.2167
110058,28.6167,77.2167
110059,28.6167,77.2167
110060,28.6488,77.1726
110061,28.6488,77.1726
110062,28.6488,77.1726
110063,28.6488,77.1726
110064,28.6488,77.1726
110065,28.6488,77.1726
110066,28.6488,77.1726
110067,28.6488,77.1726
110070,28.6528,76.9539
110071,28.6528,76.9539
110072,28.6528,76.9539
110073,28.6528,76.9539
110081,28.6488,77.1726
110082,28.6488,77.1726
110083,28.6488,77.1726
110084,28.6488,77.1726
110088,28.7165,77.1629
110091,28.6488,77.1726
110092,28.6488,77.1726
110093,28.6488,77.1726
110094,28.6488,77.1726
110096,28.6488,77.1726
121001,28.9915,76.2541
121002,28.9915,76.2541
121005,28.9915,76.2541
121006,28.9915,76.2541
121007,28.9915,76.2541
121101,28.9915,76.2541
121102,28.9915,76.2541
122001,28.09,76.9567
122005,28.09,76.9567
122015,28.09,76.9567
122016,28.09,76.9567
122050,28.09,76.9567
122101,28.4,77.05
122103,28.09,76.9567
122104,27.8,76.95
122105,28.09,76.9567
122106,28.2167,76.7833
122107,28.1167,77.0167
122108,27.9167,76.9833
122109,28.09,76.9567
122211,28.09,76.9567
123001,28.5,76.2111
123020,28.5,76.2111
123021,28.5,76.2111
123023,28.5,76.2111
123024,28.3833,75.9667
123025,28.7833,76.35
123027,28.3333,76.3167
123028,28.5,76.2111
123029,28.5,76.2111
123034,28.5,76.2111
123035,28.5,76.2111
123201,28.45,75.8167
123301,28.35,76.5167
123306,28.6,76.2667
123307,28.6833,76.3667
123308,28.5444,76.3833
123310,28.5444,76.3833
123401,28.1833,76.6167
123411,28.1833,76.6167
123412,28.1833,76.6167
123413,28.1833,76.6167
123414,28.1833,76.6167
123501,28.0833,76.5833
123502,28.2833,76.7667
123503,28.3167,76.7833
123504,28.2833,76.7667
123505,28.45,76.9333
123506,28.2833,76.7667
123508,28.2833,76.7667
124001,28.9,76.5667
124003,28.9,76.5667
124004,28.9,76.5667
124005,28.9,76.5667
124006,28.9,76.5667
124007,28.9,76.5667
124021,28.8667,76.45
124022,28.8667,76.45
124024,28.8667,76.45
124025,28.8667,76.45
124028,28.8667,76.45
124029,28.8667,76.45
124030,28.8833,76.5083
124031,28.8833,76.5083
124101,28.62,76.67
124102,28.6833,76.6167
124103,28.62,76.67
124104,28.6167,76.65
124105,28.5833,76.8167
124107,28.75,76.6167
124108,28.4667,76.65
124109,28.62,76.67
124110,28.8917,76.4167
124111,28.95,76.4333
124112,28.8917,76.4167
124113,28.8333,76.4
124114,28.8917,76.4167
124118,28.8917,76.4167
124120,28.7274,76.6286
124121,28.7274,76.6286
124124,28.7274,76.6286
124125,28.7274,76.6286
124126,28.7274,76.6286
124127,28.7274,76.6286
124129,28.7274,76.6286
124130,28.7274,76.6286
124131,28.7274,76.6286
124132,28.7274,76.6286
124133,28.7274,76.6286
124135,28.7274,76.6286
124136,28.7274,76.6286
124138,28.7274,76.6286
124139,28.7274,76.6286
124140,28.9356,76.8458
124202,28.9185,76.7051
124203,28.9185,76.7051
124204,28.9185,76.7051
124205,28.9185,76.7051
124301,29.3834,76.8126
124303,29.0167,76.6167
124304,29.3834,76.8126
124305,29.9336,77.0544
124306,29.2,76.7667
124307,29.3834,76.8126
124308,29.3834,76.8126
124309,29.3834,76.8126
124311,29.3834,76.8126
124314,29.3834,76.8126
124315,29.3834,76.8126
124316,29.3834,76.8126
124317,29.3834,76.8126
124318,29.3834,76.8126
124320,29.3834,76.8126
124321,29.3834,76.8126
124322,29.3834,76.8126
124324,29.3834,76.8126
124402,28.9397,76.8731
124403,28.9344,76.975
124404,28.9397,76.8731
124406,28.9397,76.8731
124407,28.9,76.8333
124408,28.9847,76.8111
124411,28.8894,76.7123
124412,28.75,76.4833
124413,28.9194,76.8981
124416,28.8894,76.7123
124417,28.8894,76.7123
124418,28.8894,76.7123
124421,29.4092,76.8781
124423,29.4092,76.8781
124424,29.4092,76.8781
124425,29.4092,76.8781
124426,29.4092,76.8781
124427,29.4092,76.8781
124428,29.4092,76.8781
124429,29.4092,76.8781
124430,28.9852,76.8049
124501,28.7764,76.7667
124502,28.7299,76.8417
124504,28.7299,76.8417
124505,28.7299,76.8417
124506,28.7299,76.8417
124507,28.6833,76.9167
124508,28.7299,76.8417
124509,28.7299,76.8417
124510,29.0333,76.4167
124511,29.0333,76.4167
124513,29.0333,76.4167
124514,29.0333,76.4167
124515,29.0333,76.4167
124516,29.0333,76.4167
124517,29.0333,76.4167
124518,29.0333,76.4167
124519,29.0333,76.4167
124520,28.831,76.7
124521,28.831,76.7
124522,28.831,76.7
124523,28.831,76.7
124524,28.831,76.7
124525,28.831,76.7
124527,28.831,76.7
124528,28.831,76.7
124529,28.831,76.7
124530,28.831,76.7
124531,28.831,76.7
124532,28.831,76.7
124533,28.831,76.7
125001,29.1118,75.7598
125002,29.1118,75.7598
125003,29.1118,75.7598
125004,29.1118,75.7598
125005,29.1118,75.7598
125011,29.1118,75.7598
125012,29.1118,75.7598
125024,28.8,76.075
125025,28.8,76.075
125026,28.8,76.075
125027,28.8833,76.25
125028,28.8,76.075
125029,28.7167,75.9
125030,28.65,75.95
125031,28.9833,76.0083
125032,28.9833,76.0083
125033,29.1,75.9667
125034,28.9833,76.0083
125035,28.9667,75.9667
125036,28.9833,76.0083
125037,28.9833,76.0083
125038,28.9833,76.0083
125039,29.2167,76.15
125040,28.8833,75.9167
125041,29.1167,75.725
125042,29.1167,75.725
125043,29.1167,75.725
125044,29.1167,75.725
125045,28.9667,75.6167
125046,28.9167,75.6167
125047,29.3333,75.6333
125048,29.4167,75.55
125049,29.1833,76.0167
125050,29.5333,75.0167
125051,29.5333,75.0167
125052,29.5333,75.0167
125054,29.5333,75.0167
125055,29.5333,75.0167
125056,29.5333,75.0167
125057,29.5333,75.0167
125058,29.5333,75.0167
125060,28.9333,76.1667
125061,28.9333,76.1667
125062,28.9333,76.1667
125063,28.9333,76.1667
125064,28.9333,76.1667
125065,28.9333,76.1667
125066,28.9333,76.1667
125067,28.9333,76.1667
125069,28.9333,76.1667
125071,29.5917,75.15
125073,29.5917,75.15
125074,29.5917,75.15
125076,29.5333,74.8333
125077,29.5917,75.15
125078,29.5917,75.15
125079,29.65,75.4667
125081,29.0167,75.9
125082,29.0167,75.9
125083,29.0167,75.9
125084,29.0167,75.9
125086,29.0167,75.9
125087,29.0167,75.9
125088,29.0167,75.9
125101,29.7833,74.5333
125102,29.45,74.65
125103,29.4278,74.9722
125104,29.4278,74.9722
125105,29.05,75.7333
125106,29.4278,74.9722
125107,29.4278,74.9722
125108,29.4278,74.9722
125109,29.4278,74.9722
125112,29.4167,76.6667
125201,29.85,74.95
125202,29.75,75.2
125203,29.8,75.075
126001,29.8,75.8333
126006,29.6583,75.85
126007,29.6583,75.85
126009,29.5167,75.8667
126010,29.3833,75.9167
126011,29.3833,75.9167
126014,29.3833,75.9167
126015,29.3833,75.9167
126025,29.5667,75.8722
126027,29.5667,75.8722
126101,29.1333,76.4167
126102,29.1333,76.4167
126104,29.1333,76.4167
126105,29.1333,76.4167
126106,29.1333,76.4167
126108,29.1333,76.4167
126109,29.1333,76.4167
126110,29.6517,76.318
126111,29.8236,77.0886
126113,29.6517,76.318
126114,29.6517,76.318
126115,29.4667,76.1667
126116,29.6167,76.1167
126117,29.6517,76.318
126118,29.6517,76.318
126119,29.7,75.9
126120,29.3833,76.55
126121,29.3833,76.55
126122,29.3833,76.55
126123,29.3833,76.55
126124,29.3833,76.55
126126,29.3833,76.55
126127,29.3833,76.55
126128,29.3833,76.55
126129,29.3833,76.55
126130,29.5274,76.2272
126131,29.5274,76.2272
126132,29.5274,76.2272
126133,29.5274,76.2272
126135,29.5274,76.2272
126139,29.5274,76.2272
126140,29.7167,76.1333
126141,29.3333,76.6167
126143,29.5375,76.0083
126145,29.65,76.3667
126149,29.45,74.9167
126150,29.5274,76.2272
126151,29.5274,76.2272
126152,29.5274,76.2272
126153,29.5274,76.2272
126154,29.5274,76.2272
131001,29.2,76.8167
131021,29.2,76.8167
131023,29.6667,76.4333
131024,29.0667,76.9
131025,29.0333,76.85
131026,29.2,76.8167
131027,29.0333,77.0833
131029,29.2,76.8167
131030,29.2,76.8167
131031,29.2,76.8167
131032,29.2,76.8167
131034,29.2,76.8167
131035,29.2,76.8167
131036,29.2,76.8167
131038,29.2,76.8167
131101,29.1167,76.95
131102,29.1167,76.95
131103,29.1167,76.95
131104,29.1167,76.95
131105,29.1167,76.95
131107,29.1167,76.95
131108,29.1167,76.95
131109,29.1167,76.95
131110,28.9514,76.5278
131112,28.9514,76.5278
131113,28.9514,76.5278
131114,28.9514,76.5278
131115,28.9514,76.5278
132001,29.752,76.6199
132002,29.752,76.6199
132021,29.85,76.6667
132024,29.8,76.5333
132025,29.8,76.5333
132026,29.75,76.55
132027,29.8,76.3833
132034,30.0489,76.3444
132035,30.0386,76.3
132036,29.65,76.8667
132037,29.6056,76.9803
132038,29.9167,76.85
132039,29.8519,76.6683
132040,29.65,76.5667
132041,29.65,76.5667
132042,29.7833,76.55
132043,29.7167,76.5167
132044,29.5833,76.4833
132045,29.65,76.5667
132046,29.5167,76.7167
132047,29.65,76.5667
132048,29.65,76.5667
132049,29.65,76.5667
132050,29.5167,76.85
132051,29.5167,76.85
132052,29.5167,76.85
132058,29.5167,76.85
132101,29.2333,77.0167
132102,29.3111,76.9924
132103,29.3111,76.9924
132104,29.3111,76.9924
132105,29.3111,76.9924
132106,29.3111,76.9924
132108,29.3889,76.9681
132109,29.3111,76.9924
132110,29.6854,76.9442
132111,29.5375,76.9717
132112,29.6854,76.9442
132113,29.6854,76.9442
132115,29.6854,76.9442
132116,29.6854,76.9442
132117,29.8333,76.9167
132118,29.6854,76.9442
132120,29.9669,76.7443
132121,29.9669,76.7443
132123,29.8,76.9833
132124,29.9669,76.7443
132125,29.9669,76.7443
132128,29.9833,76.5833
132129,30.1172,76.6661
132130,29.9228,76.9344
132131,29.9228,76.9344
132132,29.9944,77.0444
132133,30.0333,77.15
132134,29.9228,76.9344
132135,29.9228,76.9344
132136,29.9228,76.9344
132137,29.9467,76.9097
132138,29.7167,76.6333
132142,29.3092,76.9014
132143,29.3092,76.9014
132144,29.3092,76.9014
132145,29.3092,76.9014
132146,29.3092,76.9014
132149,29.3092,76.9014
132150,29.4167,74.55
132151,29.4167,74.55
132152,29.4167,74.55
132153,29.4167,74.55
132154,29.4167,74.55
133001,30.3783,76.7808
133004,25.4808,78.7571
133005,25.4808,78.7571
133102,30.2,77.15
133104,30.3097,76.975
133105,30.2549,77.0625
133201,30.3833,77.2167
133202,30.3833,77.2167
133203,30.3833,77.2167
133204,30.3833,77.2167
133205,30.3833,77.2167
133206,30.3833,77.2167
133207,30.3833,77.2167
133208,30.3833,77.2167
133301,28.3709,77.7712
133302,28.3709,77.7712
134002,30.5224,77.046
134003,30.5224,77.046
134007,30.5224,77.046
134011,30.5224,77.046
134012,30.5224,77.046
134101,30.5224,77.046
134102,30.5224,77.046
134104,30.5224,77.046
134107,30.5224,77.046
134108,30.5224,77.046
134109,30.5224,77.046
134112,30.5224,77.046
134113,30.5224,77.046
134118,29.3833,75.9167
134201,30.4561,76.9339
134202,30.45,77.0333
134203,30.4833,77.1333
134204,30.5224,77.046
134205,30.7,77.0833
134206,30.5224,77.046
135001,30.1667,77.3
135002,30.1667,77.3
135003,30.1667,77.3
135103,30.25,77.3667
135104,30.25,77.3667
140001,30.7871,76.5526
140102,31.2583,76.3958
140104,31.2583,76.3958
140108,31.2583,76.3958
140109,31.2583,76.3958
140112,31.1333,76.5417
140113,31.0167,76.5833
140117,31.1333,76.5417
140118,31.25,76.5
140119,31.1333,76.5417
140123,31.4,76.1167
140124,31.3833,76.25
140125,31.3667,76.3833
140126,31.3833,76.25
140202,30.7871,76.5526
140301,30.7444,76.6478
140306,30.7222,76.6572
140307,30.7,76.6667
140401,30.4831,76.595
140405,30.4831,76.595
140406,30.4831,76.595
140412,30.5872,76.8428
140413,30.5872,76.8428
140501,30.7871,76.5526
140502,30.7871,76.5526
140506,30.7871,76.5526
140601,30.5556,76.7183
140602,30.5958,76.6328
140701,30.4172,76.5064
140702,30.3322,76.6072
140801,30.7833,76.3833
140802,30.7833,76.3833
141001,30.8676,75.8444
141002,30.9,75.85
141003,30.9,75.85
141004,30.9,75.85
141005,30.9,75.85
141007,30.9,75.85
141008,30.9,75.85
141102,30.6833,75.625
141104,30.6833,75.625
141105,30.6833,75.625
141106,30.6833,75.625
141107,30.7167,75.65
141108,30.6833,75.625
141109,30.65,75.6
141111,30.7949,76.1071
141113,30.7949,76.1071
141114,30.8367,76.1897
141115,30.9147,76.1983
141116,30.7949,76.1071
141118,30.7949,76.1071
141119,30.6333,75.9333
141120,30.7503,75.9143
141121,30.7503,75.9143
141122,30.7503,75.9143
141124,30.7503,75.9143
141201,30.75,75.75
141203,30.75,75.75
141204,30.75,75.75
141205,30.75,75.75
141206,30.75,75.75
141302,31.0917,75.6081
141303,31.1667,75.6167
141305,19.9833,80.7333
141307,31.0917,75.6081
141308,31.0119,75.6111
141309,31.0964,75.5967
141310,31.1258,75.4733
141311,31.0879,75.4783
141315,31.05,75.4833
141317,31.0879,75.4783
141401,30.8167,76.0333
141402,30.8167,76.0333
141412,30.8167,76.05
141413,30.8167,76.05
141414,30.8167,76.05
141415,30.8167,76.05
141416,30.8167,76.05
141417,30.8167,76.05
141418,30.8167,76.05
141419,30.8167,76.05
141421,30.8167,76.0167
142001,30.7457,75.2044
142011,31.1833,75.25
142021,30.7457,75.2044
142022,30.7457,75.2044
142023,30.7457,75.2044
142026,30.7457,75.2044
142027,30.7457,75.2044
142029,30.7457,75.2044
142030,30.675,75.4167
142031,30.675,75.4167
142032,30.6667,75.55
142034,30.675,75.4167
142035,30.675,75.4167
142036,30.675,75.4167
142037,30.6833,75.2833
142040,31.1033,74.9978
142042,31.1033,74.9978
142044,31.1033,74.9978
142046,31.1033,74.9978
142047,31.1033,74.9978
142048,31.1033,74.9978
142050,30.85,74.9333
142051,30.5278,75.1167
142052,30.5278,75.1167
142053,30.75,75.3333
142055,30.5278,75.1167
142056,30.5278,75.1167
142057,30.5278,75.1167
142059,30.5278,75.1167
142061,30.7457,75.2044
143001,31.6331,74.8656
143002,31.6331,74.8656
143003,31.6331,74.8656
143004,31.6331,74.8656
143006,31.6331,74.8656
143036,31.6331,74.8656
143101,31.7192,74.7978
143102,31.8425,74.7589
143103,31.8528,74.8183
143104,31.6331,74.8656
143105,31.7428,74.8681
143106,31.7428,74.8681
143107,31.7428,74.8681
143108,31.7428,74.8681
143109,31.6667,75.1
143110,31.4974,75.0883
143111,31.4974,75.0883
143112,31.4974,75.0883
143113,31.4974,75.0883
143115,31.5614,75.0267
143116,31.4974,75.0883
143117,31.4974,75.0883
143118,31.4333,75.15
143144,31.6727,74.931
143202,31.555,75.2656
143204,31.5689,75.2744
143205,31.5828,75.2833
143301,31.3947,74.6169
143304,31.3947,74.6169
143305,31.3947,74.6169
143401,31.2745,74.7722
143406,31.2745,74.7722
143407,31.2745,74.7722
143408,31.2745,74.7722
143410,31.2834,74.7797
143411,31.2834,74.7797
143412,31.1669,74.9481
143414,31.5,74.6667
143415,31.3267,74.8597
143416,31.2808,74.8572
143417,31.2834,74.7797
143418,31.2834,74.7797
143419,31.1428,74.5667
143420,31.23,74.7347
143421,31.23,74.7347
143501,31.6664,74.9325
143502,31.7161,75.0328
143504,31.7586,75.067
143505,31.7586,75.067
143506,31.8186,75.2028
143507,31.8333,75.1
143508,31.7586,75.067
143510,31.886,75.3556
143512,31.886,75.3556
143513,31.886,75.3556
143514,31.886,75.3556
143515,31.9542,75.3192
143516,31.8178,75.3919
143518,31.886,75.3556
143521,31.8453,75.4496
143523,31.8453,75.4496
143524,31.8453,75.4496
143526,31.8453,75.4496
143527,31.7833,75.45
143528,31.9072,75.4492
143529,31.8453,75.4496
143530,31.8121,75.2348
143531,31.8121,75.2348
143533,31.8121,75.2348
143534,31.8121,75.2348
143535,31.8121,75.2348
143536,31.8121,75.2348
143537,31.8121,75.2348
143538,31.8121,75.2348
143601,31.7583,74.9544
143602,31.8644,74.9511
143603,31.8854,74.9741
143604,32.0333,75.0167
143605,31.8854,74.9741
143606,31.8854,74.9741
143607,31.8854,74.9741
144001,31.3256,75.5792
144002,31.3256,75.5792
144003,31.3166,75.5666
144004,31.3256,75.5792
144005,31.3256,75.5792
144006,31.3256,75.5792
144007,31.3256,75.5792
144009,31.3256,75.5792
144010,31.3332,75.59
144011,31.3332,75.59
144020,31.3524,75.6171
144021,31.3256,75.5792
144022,31.3524,75.6171
144023,31.3524,75.6171
144025,31.3792,75.655
144026,31.3524,75.6171
144027,31.3524,75.6171
144028,31.3524,75.6171
144101,31.3654,75.7531
144102,31.3654,75.7531
144103,31.3654,75.7531
144104,31.3654,75.7531
144203,31.6874,75.742
144204,31.6919,75.6347
144205,31.6874,75.742
144206,31.6874,75.742
144207,31.7325,75.7506
144208,31.6378,75.8408
144209,31.6874,75.742
144214,31.7974,75.7566
144216,31.7974,75.7566
144218,31.7974,75.7566
144221,31.9756,75.7578
144222,31.9494,75.7989
144223,31.9625,75.7783
144301,31.4328,75.6508
144303,31.4328,75.6508
144304,31.4328,75.6508
144305,31.4328,75.6508
144401,31.2178,75.7694
144402,31.2178,75.7694
144403,31.2178,75.7694
144404,31.2178,75.7694
144405,31.2178,75.7694
144406,31.2178,75.7694
144407,31.2178,75.7694
144408,31.2178,75.7694
144410,31.0292,75.7842
144415,30.6328,76.0147
144417,30.9262,76.133
144418,31.1167,76.6
144419,30.9262,76.133
144421,30.9991,76.0421
144422,30.9991,76.0421
144502,31.1869,75.9922
144503,31.1869,75.9922
144505,31.1869,75.9922
144506,31.1869,75.9922
144508,31.1869,75.9922
144509,31.1869,75.9922
144510,31.0667,76.1667
144511,31.0667,76.1667
144512,31.0667,76.1667
144514,31.0667,76.1667
144515,31.0833,76.2167
144516,31.0667,76.1667
144517,31.05,76.1167
144518,31.0667,76.1667
144521,31.1676,76.1189
144522,31.1676,76.1189
144524,31.1676,76.1189
144525,31.1676,76.1189
144526,31.1676,76.1189
144528,31.1676,76.1189
144529,31.1676,76.1189
144530,31.35,76.15
144532,31.35,76.15
144601,31.3794,75.3847
144606,31.3794,75.3847
144619,31.3794,75.3847
144623,31.3794,75.3847
144624,30.3747,76.1486
144626,31.3794,75.3847
144628,31.3794,75.3847
144629,31.3794,75.3847
144631,31.3794,75.3847
144632,31.3794,75.3847
144633,31.3794,75.3847
144701,31.3654,75.7531
144703,31.3654,75.7531
144801,31.44,75.4997
144802,31.4785,75.4249
144803,31.4785,75.4249
144804,31.5169,75.35
144806,31.4785,75.4249
145001,32.2833,75.65
145002,32.2833,75.65
145021,32.2556,75.3778
145022,32.45,75.8833
145024,32.3667,75.6
145025,31.95,74.65
145026,32.2556,75.3778
145027,32.2556,75.3778
146001,31.5322,75.9172
146021,31.5322,75.9172
146022,31.5322,75.9172
146023,31.5322,75.9172
146101,31.5322,75.9172
146102,31.5322,75.9172
146105,31.5322,75.9172
146106,31.5322,75.9172
146107,31.5322,75.9172
146108,31.5322,75.9172
146109,31.5322,75.9172
146111,31.5322,75.9172
146112,31.5322,75.9172
146114,31.5322,75.9172
146115,31.5322,75.9172
147001,30.3267,76.4003
147002,30.3267,76.4003
147021,30.3267,76.4003
147101,30.1583,76.1931
147102,30.2304,76.3242
147103,30.3025,76.4553
147104,30.2304,76.3242
147105,30.2304,76.3242
147201,30.3747,76.1486
147203,30.6081,76.2303
147205,30.4914,76.1894
147301,30.3541,76.2855
148001,30.2333,75.8333
148004,30.2333,75.8333
148005,30.2333,75.8333
148006,30.2333,75.8333
148007,30.2333,75.8333
148008,30.2333,75.8333
148009,30.2333,75.8333
148020,30.3667,75.8667
148021,30.3667,75.8667
148022,30.3667,75.8667
148023,30.3667,75.8667
148024,30.3667,75.8667
148027,30.3667,75.8667
148029,30.3667,75.8667
148031,29.9417,75.9333
148032,29.9417,75.9333
148033,29.8167,75.8833
148034,29.9417,75.9333
148035,30.0667,75.9833
148036,29.9417,75.9333
148038,29.9417,75.9333
148039,29.9417,75.9333
148040,30.0333,75.3
148043,30.0333,75.3
148045,30.0333,75.3
148046,30.0333,75.3
148047,30.0333,75.3
148048,30.0333,75.3
148049,30.0333,75.3
148050,30.1033,75.7733
148051,30.1033,75.7733
148101,30.3833,75.55
148104,30.3278,75.5444
148105,30.2833,75.5833
148106,30.3278,75.5444
148107,30.3167,75.5
148108,30.3278,75.5444
148109,30.3278,75.5444
148117,30.3278,75.5444
151001,30.1667,75.1881
151002,30.1667,75.1881
151102,30.3167,75.0833
151103,30.2611,75.1722
151104,30.3167,75.2333
151107,30.15,75.2
151108,30.2611,75.1722
151202,30.6167,74.9167
151203,30.6167,74.9167
151204,30.6167,74.9167
151207,30.6167,74.9167
151208,30.6167,74.9167
151209,30.6167,74.9167
151210,30.6167,74.9167
151301,30.1667,75.1881
151302,30.1667,75.1881
151401,30.1667,75.1881
151501,29.9222,75.2944
151505,29.9833,75.3833
151506,29.9222,75.2944
151507,29.7,75.25
151509,30.0833,75.25
152001,30.9167,74.6
152003,30.9167,74.6
152005,30.9167,74.6
152021,31.0483,74.8161
152023,30.8667,74.4167
152024,30.6167,74.25
152025,30.8439,74.4943
152026,30.8439,74.4943
152031,30.4167,74.5167
152032,30.4167,74.5167
152033,30.4167,74.5167
152101,30.2125,74.2417
152102,30.2125,74.2417
152103,30.2125,74.2417
152107,30.2125,74.2417
152112,30.1083,74.4
152113,30.0667,74.6167
152114,30.1083,74.4
152116,30.15,74.1833
152117,30.1083,74.4
152120,30.3167,74.0833
152121,30.3167,74.0833
152122,30.2333,74.1333
152123,30.4,74.0333
152125,30.3167,74.0833
152126,30.3167,74.0833
152127,30.3167,74.0833
152128,30.3167,74.0833
152129,30.3167,74.0833
152130,30.2125,74.2417
152131,30.2125,74.2417
152132,30.2125,74.2417
160001,30.7372,76.7872
160002,30.7372,76.7872
160003,30.7372,76.7872
160008,30.7372,76.7872
160009,30.7372,76.7872
160010,30.7372,76.7872
160011,30.7372,76.7872
160012,30.7372,76.7872
160014,30.7372,76.7872
160016,30.7372,76.7872
160017,30.7372,76.7872
160018,30.7372,76.7872
160019,30.7372,76.7872
160020,30.7372,76.7872
160022,30.7372,76.7872
160023,30.7372,76.7872
160026,30.7372,76.7872
160031,30.7372,76.7872
160036,30.7372,76.7872
160055,30.7372,76.7872
160059,30.7372,76.7872
160061,30.7372,76.7872
160101,30.7372,76.7872
160106,30.7372,76.7872
171001,31.1167,77.175
171002,31.1167,77.175
171003,31.1167,77.175
171004,31.1167,77.175
171006,31.1167,77.175
171007,31.1333,77.2333
171008,31.1,77.1167
171009,31.1167,77.175
171010,31.9667,76.85
171011,31.9667,76.85
171012,31.9667,76.85
171013,31.9667,76.85
171016,31.9667,76.85
171017,31.9667,76.85
171020,31.4,77.0667
171101,31.2545,77.3758
171102,31.2545,77.3758
171103,31.2545,77.3758
171108,31.2545,77.3758
171201,31.1167,77.35
171202,31.1167,77.5333
171203,31.1417,77.575
171204,31.1417,77.575
171205,31.1167,77.6667
171206,31.1417,77.575
171207,31.2167,77.75
171208,31.1417,77.575
171209,31.1417,77.575
171210,31.2167,77.4778
171211,31.2167,77.4778
171212,31.2167,77.4167
171213,31.2667,77.45
171214,31.2167,77.4778
171215,31.2167,77.4778
171216,31.2167,77.4778
171217,31.2167,77.4778
171218,31.1667,77.5667
171219,31.2167,77.4778
171302,31.3833,77.2
171303,31.3833,77.2
171304,31.3833,77.2
171305,31.3833,77.2
171306,31.3833,77.2
172002,31.3944,77.5056
172021,31.4083,77.425
172022,31.4083,77.425
172023,31.4083,77.425
172024,31.4083,77.425
172025,31.3833,77.4333
172026,31.4333,77.4167
172027,31.4083,77.425
172030,31.3667,77.6667
172032,31.3667,77.6667
172033,31.3667,77.6667
172035,31.3667,77.6667
172036,31.3667,77.6667
172101,31.2489,77.0944
172102,31.3996,77.8648
172103,31.3996,77.8648
172104,31.3996,77.8648
172105,31.3996,77.8648
172106,31.4167,78.25
172107,31.3996,77.8648
172108,31.5333,78.25
172109,31.3996,77.8648
172110,32.0833,78.3833
172111,32.0833,78.3833
172112,32.0833,78.3833
172113,32.0833,78.3833
172114,32.0833,78.3833
173001,30.55,77.3
173002,30.55,77.3
173003,30.55,77.3
173004,30.55,77.3
173020,30.5944,77.4111
173021,30.5944,77.4111
173022,30.6167,77.4333
173023,30.5944,77.4111
173024,30.7167,77.1833
173025,30.45,77.6167
173026,30.5944,77.4111
173027,30.5944,77.4111
173028,30.5944,77.4111
173029,30.5944,77.4111
173101,30.85,77.3
173102,30.85,77.3
173103,30.85,77.3
173104,30.85,77.3
173201,31.0069,76.9749
173202,31.0069,76.9749
173203,31.0069,76.9749
173204,30.8989,76.9647
173206,30.9719,76.9933
173208,31.15,76.9667
173209,31.0069,76.9749
173210,30.8833,77.05
173211,30.9833,77.13
173212,30.9833,77.13
173213,30.9833,77.13
173214,30.9833,77.13
173215,30.9833,77.1167
173216,31.0167,77.1833
173217,30.9833,77.1833
173218,30.9833,77.13
173219,31.05,77.1167
173220,31.2042,77.0581
173221,31.2042,77.0581
173222,31.2042,77.0581
173223,31.2042,77.0581
173224,31.2042,77.0581
173225,31.2042,77.0581
173227,31.2042,77.0581
173228,31.2042,77.0581
173230,31.0157,77.0703
174001,31.3083,76.4542
174004,31.3083,76.4542
174010,31.3083,76.4542
174011,31.3083,76.4542
174012,31.3083,76.4542
174021,31.3083,76.4542
174022,31.3083,76.4542
174027,31.3083,76.4542
174028,31.3083,76.4542
174029,31.3083,76.4542
174030,31.3083,76.4542
174031,31.3083,76.4542
174032,31.3083,76.4542
174033,31.3083,76.4542
174034,31.3083,76.4542
174035,31.3083,76.4542
174101,31.05,76.7167
174102,31.05,76.7167
174103,31.05,76.7167
174201,31.3833,76.45
174301,31.3667,76.3167
174302,31.4,76.325
174303,31.4,76.325
174304,31.4,76.325
174305,31.4,76.325
174306,31.4333,76.3333
174307,31.4,76.325
174308,31.4,76.325
174309,31.4,76.325
174310,31.4,76.325
174311,31.4,76.325
174312,31.4,76.325
174313,31.4,76.325
174315,31.4,76.325
174402,31.3083,76.4542
174403,31.3083,76.4542
174404,31.3083,76.4542
174405,31.3083,76.4542
175001,31.5958,77.0458
175004,31.5958,77.0458
175005,31.5958,77.0458
175006,31.5958,77.0458
175007,31.5958,77.0458
175021,31.5958,77.0458
175022,31.5958,77.0458
175024,31.5958,77.0458
175025,31.5958,77.0458
175026,31.5958,77.0458
175027,31.5958,77.0458
175028,31.5958,77.0458
175029,31.5958,77.0458
175030,31.4333,76.8167
175031,31.725,76.7833
175032,32.0167,76.75
175033,31.725,76.7833
175034,31.725,76.7833
175035,31.725,76.7833
175036,31.725,76.7833
175037,31.725,76.7833
175038,31.725,76.7833
175039,31.725,76.7833
175040,31.4667,77.3083
175042,31.45,77.6333
175043,31.4667,77.3083
175044,31.4833,76.9833
175045,31.4667,77.3083
175047,31.4667,77.3083
175048,31.4667,77.3083
175049,31.4667,77.3083
175050,31.5958,77.0458
175051,31.5958,77.0458
175052,31.5958,77.0458
175101,31.9593,77.1741
175109,31.9593,77.1741
175121,31.7875,77.1875
175122,31.7167,77.2167
175123,31.6333,77.35
175124,31.6833,77.05
175127,31.7875,77.1875
175128,31.7875,77.1875
175129,32.1167,77.1333
175130,32.1167,77.1667
175131,32.2667,77.1667
175132,31.9958,77.2
175133,31.9958,77.2
175134,31.75,77.3167
175135,31.85,77.15
175136,32,76.1667
175137,31.9958,77.2
175138,31.9958,77.2
175140,32.5,77.0167
175141,32.5,77.0167
175142,32.5,77.0167
176001,32.0537,76.2852
176002,32.0537,76.2852
176022,32.075,76.0917
176023,32.15,76.0167
176024,32.075,76.0917
176025,32.075,76.0917
176026,32.075,76.0917
176027,32.075,76.0917
176028,32,76.1667
176029,32.075,76.0917
176030,31.975,76.2833
176031,31.8833,76.3167
176032,31.975,76.2833
176034,31.975,76.2833
176035,31.975,76.2833
176036,31.975,76.2833
176038,32.0667,76.25
176039,31.975,76.2833
176042,32.0537,76.2852
176043,32.0537,76.2852
176044,32.0537,76.2852
176046,32.0537,76.2852
176047,32.0537,76.2852
176048,32.0537,76.2852
176049,32.0537,76.2852
176050,32.1333,76.4
176051,32.1167,76.1667
176052,32.1167,76.1667
176053,32.1,75.9333
176054,32.1167,76.1667
176055,32.1167,76.1667
176057,32.1167,76.1667
176058,32.1167,76.1667
176059,32.1167,76.1667
176060,32.1167,76.5333
176061,32.1167,76.5333
176062,32.1167,76.5333
176063,32.1167,76.5333
176064,32.1167,76.5333
176065,32.1167,76.5333
176074,32.0537,76.2852
176075,32.0537,76.2852
176076,32.0537,76.2852
176081,32.05,76.4833
176083,32.05,76.4833
176084,32.05,76.4833
176086,32.05,76.4833
176087,32.05,76.4833
176088,32.05,76.4833
176089,32.05,76.4833
176090,31.9833,76.4667
176091,31.9833,76.4667
176092,31.9833,76.4667
176093,31.9833,76.4667
176094,31.9833,76.4667
176095,31.9833,76.4667
176096,31.9833,76.4667
176101,31.9083,76.6333
176102,31.9083,76.6333
176103,31.9083,76.6333
176107,31.9083,76.6333
176108,31.9083,76.6333
176110,31.8333,76.5
176111,31.8333,76.5
176115,31.8333,76.5
176120,31.9833,76.7667
176121,31.9833,76.7667
176122,31.9833,76.7667
176123,31.9833,76.7667
176125,31.9833,76.7667
176126,31.9833,76.7667
176127,31.9833,76.7667
176128,31.9833,76.7667
176139,31.9083,76.6333
176201,32.225,76
176202,32.225,76
176203,32.225,76
176204,32.2333,75.8167
176206,32.2167,76.1833
176207,32.225,76
176208,32.225,76
176209,32.225,76
176210,32.225,76
176211,32.225,76
176212,32.225,76
176213,32.225,76
176214,32.225,76
176215,32.225,76
176216,32.225,76
176217,32.225,76
176218,32.225,76
176219,32.225,76
176220,32.225,76
176221,32.225,76
176222,32.225,76
176223,32.225,76
176225,32.225,76
176301,32.5333,75.9833
176302,32.5333,75.9833
176304,32.5333,75.9833
176305,32.5333,75.9833
176306,32.5333,75.9833
176310,32.5333,75.9833
176311,32.5333,75.9833
176313,32.5333,75.9833
176316,32.5333,75.9833
176318,32.5333,75.9833
176319,32.5333,75.9833
176320,32.5333,75.9833
176321,32.5333,75.9833
176322,32.5333,75.9833
176323,32.5333,75.9833
176324,32.5333,75.9833
176325,32.5333,75.9833
176401,32.0917,76.2726
176402,32.0917,76.2726
176403,32.0917,76.2726
176404,32.0917,76.2726
176501,32.0917,76.2726
176601,32.0917,76.2726
176626,32.0917,76.2726
177001,31.4963,76.5954
177005,31.4963,76.5954
177006,31.4963,76.5954
177007,31.4963,76.5954
177021,31.4963,76.5954
177022,31.4963,76.5954
177023,31.4963,76.5954
177025,31.4963,76.5954
177026,31.4963,76.5954
177027,31.4963,76.5954
177028,31.4963,76.5954
177029,31.4963,76.5954
177030,31.6333,76.3833
177031,31.4833,76.4167
177032,31.6333,76.3833
177033,31.7833,76.35
177034,31.6333,76.3833
177035,31.6333,76.3833
177038,31.6333,76.3833
177039,31.6333,76.3833
177040,31.2222,77.0194
177041,31.2222,77.0194
177042,31.2222,77.0194
177043,31.2222,77.0194
177044,31.2222,77.0194
177045,31.2222,77.0194
177046,31.2222,77.0194
177047,31.2222,77.0194
177048,31.2222,77.0194
177101,31.8167,76.2333
177102,31.8167,76.2333
177103,31.8167,76.2333
177104,31.8167,76.2333
177105,31.8167,76.2333
177106,31.8167,76.2333
177107,31.8167,76.2333
177108,31.8167,76.2333
177110,32.4833,76.1667
177111,32.4833,76.1667
177112,32.4833,76.1667
177113,32.4833,76.1667
177114,32.4833,76.1667
177116,32.4833,76.1667
177118,32.4833,76.1667
177201,31.6667,76.0667
177202,31.675,76.0917
177203,31.6833,76.1167
177204,31.675,76.0917
177205,31.675,76.0917
177206,31.675,76.0917
177207,31.675,76.0917
177208,31.675,76.0917
177209,31.675,76.0917
177210,31.675,76.0917
177211,31.675,76.0917
177212,31.675,76.0917
177213,31.675,76.0917
177214,31.675,76.0917
177215,31.675,76.0917
177217,31.675,76.0917
177218,31.675,76.0917
177220,31.675,76.0917
180001,33.0132,74.9392
180002,33.0132,74.9392
180003,33.0132,74.9392
180004,33.0132,74.9392
180005,33.0132,74.9392
180007,33.0132,74.9392
180008,33.0132,74.9392
180009,33.0132,74.9392
180010,33.0132,74.9392
180011,33.0132,74.9392
180221,33.0132,74.9392
181101,32.7389,74.7519
181102,32.7389,74.7519
181103,32.7389,74.7519
181104,32.7389,74.7519
181105,32.7389,74.7519
181111,32.5778,74.7722
181112,32.5778,74.7722
181113,32.5778,74.7722
181114,32.5778,74.7722
181121,32.7389,74.7519
181122,32.7389,74.7519
181123,32.7389,74.7519
181124,32.7389,74.7519
181131,32.5167,74.8
181132,32.6167,74.8667
181133,32.5759,74.8778
181134,32.5944,74.9667
181141,33.4,74.2
181142,33.4,74.2
181143,33.4,74.2
181144,33.4,74.2
181145,33.4,74.2
181151,32.7278,74.9056
181152,32.7278,74.9056
181201,33.0759,74.5588
181202,33.0759,74.5588
181203,32.6,74.8
181204,33.0759,74.5588
181205,33.85,74.35
181206,33.0759,74.5588
181207,33.0759,74.5588
181208,33.0759,74.5588
181209,32.7778,74.5264
181212,33.0097,74.7303
181221,32.9104,74.9875
181223,32.95,74.9833
181224,32.8708,74.9917
182101,32.9333,75.1333
182103,32.9333,75.1333
182104,32.9333,75.1333
182121,32.7917,74.7667
182122,32.7917,74.7667
182123,32.7917,74.7667
182124,32.7917,74.7667
182125,32.7917,74.7667
182126,32.7917,74.7667
182128,32.7917,74.7667
182141,33.24,75.25
182142,33.0833,75.2833
182143,33.1,75.3167
182144,33.25,75.25
182145,33.35,75.2
182146,33.4167,75.2
182160,33.1321,75.1643
182161,33.1321,75.1643
182201,33.225,75.6667
182202,33.1333,75.5667
182203,33.225,75.6667
182204,33.3167,75.7667
182205,33.225,75.6667
182222,33.225,75.6667
182301,32.9833,74.95
182302,32.9833,74.95
182311,32.9833,74.95
182312,32.9833,74.95
182314,32.9833,74.95
182315,32.9833,74.95
182320,32.9833,74.95
184101,32.3667,75.5167
184102,32.3667,75.5167
184104,32.3667,75.5167
184121,32.5667,75.1167
184141,32.4333,75.3833
184142,32.4333,75.3833
184143,32.4333,75.3833
184144,32.4333,75.3833
184145,32.4333,75.3833
184148,32.4333,75.3833
184151,32.35,75.4333
184152,32.4333,75.3833
184201,32.5,75.8167
184202,32.5778,75.5667
184203,32.5833,75.5333
184204,32.5778,75.5667
184205,32.65,75.35
184206,32.5778,75.5667
184207,32.5778,75.5667
185101,33.7667,74.1
185120,33.8,74.2667
185121,33.8,74.2667
185122,33.8,74.2667
185131,33.5369,74.4928
185132,33.5369,74.4928
185133,33.5369,74.4928
185134,33.5369,74.4928
185135,33.5369,74.4928
185151,33.3727,74.6991
185152,33.3727,74.6991
185153,33.3727,74.6991
185155,34.2222,74.7306
185156,33.0611,74.3917
185157,32.8347,74.975
185158,33.3727,74.6991
185159,33.3727,74.6991
185201,33.1528,74.4278
185203,33.1528,74.4278
185211,33.1333,74.4
185212,33.375,74.2667
190001,34.0694,74.8042
190002,34.0889,74.8083
190003,34.1944,74.5278
190004,34.0891,74.7558
190005,34.0375,74.8
190006,34.0891,74.7558
190007,34.0891,74.7558
190008,34.0891,74.7558
190009,34.0528,74.8083
190010,34.1292,74.8111
190011,34.1292,74.8111
190012,34.1292,74.8111
190014,34.1292,74.8111
190015,34.1292,74.8111
190017,34.1292,74.8111
191101,32.35,75.4333
191102,34.025,74.9667
191103,33.1875,75.2
191104,33.1875,75.2
191111,34.0167,74.7167
191112,34.0167,74.7167
191113,34.0167,74.7167
191121,34.4,74.4
191123,34.4,74.4
191131,33.6979,74.8792
191201,34.2333,74.7833
191202,34.2667,74.9167
191203,34.2389,74.6375
192101,33.9056,75.2167
192121,33.9056,75.2167
192122,33.9056,75.2167
192123,33.9333,75.1
192124,33.9056,75.2167
192125,33.75,75.2167
192126,34.0333,75.3333
192128,33.9056,75.2167
192129,33.9056,75.2167
192201,33.7773,74.9708
192202,33.7773,74.9708
192203,33.7773,74.9708
192204,33.7773,74.9708
192210,34.0486,74.7458
192211,34.0486,74.7458
192212,34.0486,74.7458
192221,33.6333,75.15
192231,33.65,75.0167
192232,33.65,75.0167
192233,33.65,75.0167
192301,33.8833,74.9167
192303,33.8833,74.9167
192304,33.8833,74.9167
192305,33.8833,74.9167
192401,33.8474,75.0685
193101,34.125,74.3
193102,34.125,74.3
193103,34.125,74.3
193109,34.125,74.3
193121,34.1667,74.5667
193122,34.125,74.3
193123,34.0833,74.0333
193124,34.125,74.3
193198,34.125,74.3
193201,34.3,74.4667
193202,34.3,74.4667
193221,34.4,74.2833
193222,34.4,74.075
193223,34.4,74.075
193225,34.4,73.8667
193301,33.55,75.9667
193302,33.55,75.9667
193303,33.55,75.9667
193402,34.05,74.3833
193403,34.05,74.3833
193404,34.05,74.3833
193411,34.05,74.3833
193501,34.2333,74.6333
193502,34.2333,74.6333
193504,34.2333,74.6333
193508,34.2333,74.6333
194101,34.5667,76.1
194102,34.5667,76.1
194103,34.5667,76.1
194104,34.5667,76.1
194105,34.5667,76.1
194106,34.5667,76.1
194109,34.5667,76.1
194201,34.5667,76.1
194301,34.5667,76.1
194302,34.5667,76.1
194401,34.5667,76.1
201009,27.2384,78.7478
201011,27.2384,78.7478
201201,27.2384,78.7478
201303,27.2384,78.7478
201304,27.2384,78.7478
202001,27.225,77.6571
202118,20.35,72.8167
202121,27.7167,77.9333
202124,27.7167,77.9333
202128,27.7167,77.9333
202132,28.0833,77.85
202133,27.95,78.4667
202134,27.85,78.4667
202136,27.9611,78.2611
202139,27.9611,78.2611
202140,26.6667,77.1861
202141,26.6667,77.1861
202150,26.6667,77.1861
202165,28.05,77.5833
202389,27.5,78.4333
202392,23.5167,74.7167
202394,26.4,77.0667
202396,28.1833,78.05
202397,27.5,78.4333
202398,26.4,77.0667
202410,28.4,78.6167
202412,28.45,78.7667
202414,28.5,78.7167
202415,28.45,78.7
202521,28.2667,78.4
202523,28.3,78.3917
202525,28.3,78.3917
202526,28.3,78.3917
202527,28.3333,78.3833
203001,28.8348,77.4664
203121,29.5878,77.2992
203131,29.5878,77.2992
203141,29.5878,77.2992
203145,29.5878,77.2992
203155,29.5878,77.2992
203201,28.35,77.55
203203,28.4583,77.55
203207,28.5667,77.55
204101,27.2384,78.7478
204104,27.2384,78.7478
204212,27.2384,78.7478
204215,27.2384,78.7478
204216,27.2384,78.7478
205001,26.9833,79.8111
205119,27.1833,78.95
205122,26.9833,79.8111
205130,26.9833,79.8111
205141,27.1167,80.15
205142,26.65,80.3333
205231,26.9833,79.8111
206001,26.7667,79.0333
206002,26.7667,79.0333
206120,26.6556,79.1889
206121,26.5667,79.3167
206122,26.6556,79.1889
206125,26.6556,79.1889
206126,26.75,79.1
206127,26.65,79.15
206131,26.7197,78.9547
206241,26.7167,79.4167
206246,27.175,78.45
206248,27.6333,77.4833
206250,26.35,81.1667
207001,28.0667,78.575
207122,28.0667,78.575
207242,29.2667,78.1167
207243,27.7167,79.0167
207244,28.2611,78.6611
207245,27.8,78.85
207302,27.4833,78.3167
207502,28.0667,78.575
208001,26.475,80.3083
208002,26.475,80.3083
208003,26.475,80.3083
208004,26.475,80.3083
208005,26.475,80.3083
208007,26.475,80.3083
208010,26.4833,80.2667
208011,26.4833,80.2667
208012,26.4833,80.2667
208013,26.4833,80.2667
208016,26.4833,80.2667
208017,26.4833,80.2667
208018,26.4833,80.2667
208020,26.4667,80.35
208021,26.4667,80.35
208022,26.4667,80.35
208023,26.4667,80.35
208024,26.4667,80.35
209101,27.01,79.9467
209115,27.01,79.9467
209203,27.01,79.9467
209206,27.01,79.9467
209301,27.01,79.9467
209401,26.25,80.45
209601,27.3667,79.6333
209602,27.3667,79.6333
209625,27.4,79.5667
209723,26.9333,79.6833
209724,27.2667,79.65
209725,27.0667,79.9167
209731,27.05,79.65
209733,27.05,79.65
209734,27.05,79.65
209738,27.05,79.65
209739,27.05,79.65
209801,26.7,80.6417
209821,26.6167,80.6333
209841,26.7833,80.65
209861,26.7,80.6417
210121,25.55,80.7167
210125,25.5167,80.9167
210126,25.75,80.4333
210128,25.6167,80.5333
210129,25.6083,80.65
210202,25.25,80.65
210205,25.3833,81.15
210206,25.35,80.9667
210301,25.4611,80.5241
210421,25.3667,79.675
210423,25.3667,79.675
210427,25.2833,79.8667
210429,25.45,79.4833
210507,25.4611,80.5241
211001,25.425,81.8583
211002,25.425,81.8583
211003,25.4167,81.8333
211004,25.425,81.8583
211006,25.4333,81.8833
211007,25.425,81.8583
211008,25.425,81.8583
211014,25.425,81.8583
212202,25.4333,81.6333
212203,25.4333,81.6333
212204,25.4333,81.6333
212213,25.4333,81.6333
212214,25.4333,81.6333
212218,25.4333,81.6333
212304,25.7278,80.9944
212401,25.7278,80.9944
212601,25.9333,80.8
212622,25.875,80.675
212653,25.875,80.675
212654,25.875,80.675
212661,25.8167,80.55
212663,25.8167,80.55
221001,25.3333,83
221002,25.307,83.041
221003,25.3333,83
221004,25.3333,83
221005,25.3333,83
221006,25.3333,83
221008,25.3333,83
221009,25.3333,83
221010,25.3333,83
221104,25.6475,83.1794
221105,25.6475,83.1794
221106,25.6475,83.1794
221108,25.6475,83.1794
221109,25.6475,83.1794
221115,25.6475,83.1794
221202,25.6475,83.1794
221209,25.6475,83.1794
221302,25.95,84.3833
221305,25.95,84.3833
221308,25.95,84.3833
221310,25.95,84.3833
221311,25.95,84.3833
221314,25.95,84.3833
221402,25.6475,83.1794
221409,25.6475,83.1794
221501,25.3833,82.15
221503,25.3833,82.1833
221504,25.3833,82.15
221505,25.3833,82.15
221507,25.3833,82.15
221508,25.3833,82.1167
221603,26.1656,83.6894
221705,25.9833,83.8833
221709,25.9833,83.8833
221711,25.9833,83.8833
221719,25.9833,83.8833
222001,29.6383,77.3892
222105,27.6261,80.1772
222110,27.6261,80.1772
222125,25.6,83.0167
222129,25.6,83.0167
222132,29.6522,77.3378
222135,29.6522,77.3378
222136,29.6522,77.3378
222137,29.6522,77.3378
222138,29.6522,77.3378
222143,27.6261,80.1772
222145,27.6261,80.1772
222148,27.6261,80.1772
222149,27.6261,80.1772
222172,27.6261,80.1772
222180,27.6261,80.1772
222302,26.15,82.2167
222303,26.15,82.2167
223221,26.1833,82.9167
223225,26.1333,82.8167
224001,26.3667,82.85
224122,26.3667,82.85
224133,26.3667,82.85
224141,26.3667,82.85
224143,26.3667,82.85
224145,26.3667,82.85
224147,26.4167,82.9667
224149,26.3167,82.7333
224168,26.3667,82.85
224175,26.3667,82.85
224190,26.3667,82.85
224198,26.3667,82.85
224208,26.3667,82.85
224211,26.3667,82.85
224216,26.3667,82.85
224223,26.3667,82.85
225120,29.5475,77.3731
225121,29.5475,77.3731
225203,27.7769,80.0966
225206,27.7769,80.0966
225305,27.7769,80.0966
225401,26.8917,81.4583
225403,25.4167,81.8333
225404,26.8917,81.4583
225411,26.8917,81.4583
225412,26.8917,81.4583
225414,26.8333,81.3333
225415,26.95,81.5833
226001,27.5167,79.9833
226002,27.5167,79.9833
226003,27.5167,79.9833
226004,27.5167,79.9833
226005,27.5167,79.9833
226006,27.5167,79.9833
226007,27.5167,79.9833
226009,27.5167,79.9833
226012,27.5167,79.9833
226014,27.5167,79.9833
226016,27.5167,79.9833
227116,26.5278,81.5111
227132,26.5278,81.5111
227202,26.5278,81.5111
227205,26.5278,81.5111
227308,26.6167,81.1333
227801,26.4833,81.7
227806,26.4833,81.7
227808,26.4833,81.7
227809,26.75,80.5333
227812,26.4833,81.7
227815,26.5167,81.7833
227817,26.45,81.6167
228001,26.1667,82.3833
228118,26.1667,82.3833
228124,26.1667,82.3833
228132,26.1667,82.3833
228141,26.1667,82.3833
228145,26.1667,82.3833
228161,26.1667,82.3833
228171,26.1667,82.3833
229001,26.2167,81.2333
229010,26.2167,81.2333
229121,26.5258,80.8285
229123,26.5258,80.8285
229128,26.5258,80.8285
229129,26.5258,80.8285
229130,26.5258,80.8285
229203,26.0667,81.0333
229204,26.1167,81.1667
229206,26.0917,81.1
229209,26.0917,81.1
229301,26.4833,81.1167
229303,26.35,81.1667
229304,26.3611,81.2722
229305,26.25,81.5333
229309,26.3611,81.2722
229310,26.3611,81.2722
229401,27.7994,79.295
229402,26.05,81.2833
229407,29.5489,77.3067
229408,27.7994,79.295
229410,25.65,81.6167
229413,25.65,81.6167
229419,25.65,81.6167
230001,25.85,82.1167
230122,25.85,82.1167
230123,25.85,82.1167
230126,25.85,82.1167
230127,25.85,82.1167
230132,25.85,82.1167
230133,25.85,82.1167
230134,25.85,82.1167
230136,25.85,82.1167
230137,25.85,82.1167
230140,25.85,82.1167
230144,25.85,82.1167
230302,25.85,82.1167
230403,25.85,82.1167
230404,25.85,82.1167
230405,25.85,82.1167
230406,25.85,82.1167
230502,25.85,82.1167
231001,24.8167,82.7889
231002,24.8167,82.7889
231207,24.7167,82.675
231211,25.0167,82.3667
231215,24.7167,82.675
231219,24.4167,82.9833
231225,24.7167,82.675
231301,25.0167,83.0167
231302,25.0167,83.0167
231305,25.0167,83.0167
231311,25.0167,83.0167
231314,25.0167,83.0167
232101,26.2962,81.7729
232102,25.1833,83.1833
232103,25.05,83.2167
232104,25.2667,83.2667
232106,29.685,77.425
232116,26.2962,81.7729
232118,26.2962,81.7729
232119,26.2962,81.7729
232120,26.2962,81.7729
232221,24.25,83.3833
232327,25.4333,83.5667
232329,25.4333,83.5667
232331,25.4333,83.5667
232332,25.4333,83.5667
232341,25.4333,83.5667
232342,25.4333,83.5667
233201,25.5168,82.4525
233222,25.5168,82.4525
233227,25.5168,82.4525
233228,25.5168,82.4525
233232,25.5168,82.4525
233302,25.5168,82.4525
233305,25.5168,82.4525
233311,25.5168,82.4525
233312,25.5168,82.4525
241001,25.9167,79.6125
241121,25.825,79.3833
241122,25.825,79.3833
241123,24.4833,78.4167
241126,27.1667,80.35
241201,25.9167,79.6125
241302,27.1167,80.15
241402,25.2833,79.3333
241405,25.2833,79.3333
241407,25.2833,79.3333
241504,26.7333,80.35
242001,28.2236,79.1956
242101,28.2236,79.1956
242102,28.2236,79.1956
242221,27.7583,79.625
242225,27.8,79.8
242227,27.7167,79.45
242228,27.7583,79.625
242230,29.6344,77.4111
242234,29.6344,77.4111
242302,27.9833,79.5833
242303,27.9833,79.6583
242307,27.9833,79.7333
242310,27.9833,79.6583
242311,27.9833,79.6583
243001,28.1759,79.263
243002,28.1759,79.263
243122,28.3833,79.4167
243123,28.3833,79.4167
243127,28.3833,79.4167
243201,28.7833,79.5
243203,28.5667,79.3917
243206,28.35,79.2833
243403,28.1759,79.263
243503,28.2167,79.55
243506,28.2167,79.55
243601,27.97,79.1233
243621,27.97,79.1233
243635,28.0333,79.4
243636,28.0083,79.0917
243637,27.9,79.2
243638,28.0833,78.75
243639,28.0167,79.0167
243641,27.8167,79.25
244001,29.0889,78.6778
244102,29.0889,78.6778
244225,28.85,78.2333
244235,28.85,78.2333
244236,28.85,78.2333
244241,28.85,78.2333
244242,28.85,78.2333
244255,28.85,78.2333
244302,29.0889,78.6778
244502,29.0889,78.6778
244601,29.2,78.85
244711,29.2167,78.95
244713,29.2167,78.95
244714,29.2167,78.95
244715,29.2167,78.95
244716,29.2167,78.95
244717,29.2167,78.95
244901,29.0889,78.6778
244925,29.0889,78.6778
245101,28.7167,77.7833
245102,28.7167,77.7833
245201,28.7167,77.85
245205,28.7167,77.85
245208,28.7167,77.85
245402,28.7167,77.8167
245407,28.7167,77.8167
245411,28.7167,77.8167
246001,29.8718,78.8233
246113,29.903,78.7458
246121,29.903,78.7458
246122,29.903,78.7458
246123,29.903,78.7458
246125,29.903,78.7458
246126,29.903,78.7458
246130,29.9,78.8167
246131,29.9,78.8167
246132,29.9,78.8167
246142,29.5,78.75
246144,29.5,78.75
246146,29.5,78.75
246147,29.5,78.75
246148,29.5,78.75
246149,29.5,78.75
246155,29.903,78.7458
246161,29.903,78.7458
246162,29.903,78.7458
246163,29.903,78.7458
246164,29.903,78.7458
246165,29.903,78.7458
246166,29.903,78.7458
246167,29.903,78.7458
246168,29.903,78.7458
246169,29.903,78.7458
246170,30.106,78.7082
246171,30.106,78.7082
246172,30.106,78.7082
246173,30.106,78.7082
246174,30.2167,78.7833
246175,30.106,78.7082
246176,29.9953,78.6331
246177,30.106,78.7082
246185,29.903,78.7458
246186,29.903,78.7458
246188,29.903,78.7458
246189,29.903,78.7458
246191,29.903,78.7458
246192,29.903,78.7458
246193,29.903,78.7458
246275,29.8718,78.8233
246276,29.8718,78.8233
246277,29.8718,78.8233
246278,29.8718,78.8233
246280,29.8718,78.8233
246281,29.8718,78.8233
246285,29.8718,78.8233
246401,30.1275,79.0911
246419,30.1275,79.0911
246421,30.425,79.2083
246422,30.425,79.2083
246423,30.425,79.2083
246424,30.4,79.35
246425,30.45,79.0667
246426,30.425,79.2083
246427,30.425,79.2083
246428,30.425,79.2083
246429,30.425,79.2083
246431,30.25,79.4667
246435,30.25,79.4667
246437,30.25,79.4667
246438,30.25,79.4667
246439,30.25,79.4667
246440,30.2917,79.5667
246441,30.0167,79.5667
246442,30.2917,79.5667
246443,30.5667,79.5667
246444,30.2917,79.5667
246446,30.2917,79.5667
246447,30.2917,79.5667
246448,30.2917,79.5667
246449,30.2917,79.5667
246450,30.1275,79.0911
246452,30.1275,79.0911
246453,30.1275,79.0911
246455,30.1275,79.0911
246456,30.1275,79.0911
246458,30.1275,79.0911
246469,30.1275,79.0911
246470,29.7856,78.3482
246471,29.7856,78.3482
246472,29.8211,78.6797
246473,29.7856,78.3482
246474,29.75,78.0167
246475,29.7856,78.3482
246476,29.7856,78.3482
246481,30.0833,79.5167
246482,30.0833,79.5167
246485,30.0833,79.5167
246487,30.0833,79.5167
246488,30.0833,79.5167
246495,29.81,78.59
246722,29.4,78.6833
246725,29.15,78.2667
246726,29.3,78.2833
246732,29.3867,78.4033
246735,29.3867,78.4033
246745,29.3867,78.4033
246749,29.3867,78.4033
246751,29.3867,78.4033
246762,29.45,78.45
246763,29.6333,78.3333
247001,29.9667,77.55
247120,29.7059,77.3834
247122,29.7059,77.3834
247341,29.7667,77.25
247342,29.9167,77.3
247452,29.7125,77.4158
247551,29.7,77.6833
247554,29.7,77.6833
247663,29.7192,77.3806
247664,29.7192,77.3806
247667,29.7192,77.3806
247668,29.7192,77.3806
247671,29.7192,77.3806
247771,29.5237,77.2903
247772,29.5237,77.2903
247774,29.4,77.2
247775,29.5237,77.2903
247777,29.5864,77.4167
247778,29.5847,77.2542
248001,30.3333,78.0833
248002,30.2667,78.0667
248003,30.3333,78.0833
248005,30.3333,78.0833
248006,30.3333,78.0833
248007,30.3333,78.0833
248008,30.3333,78.0833
248009,30.4,78.1
248102,30.4395,77.9109
248110,30.4395,77.9109
248115,30.4395,77.9109
248116,30.4395,77.9109
248119,30.4395,77.9109
248121,30.4395,77.9109
248122,30.4395,77.9109
248123,30.4395,77.9109
248124,30.4395,77.9109
248125,30.4395,77.9109
248141,30.45,77.7333
248142,30.45,77.7333
248143,30.45,77.7333
248144,30.45,77.7333
248145,30.45,77.7333
248146,30.45,77.7333
248147,30.45,77.7333
248148,30.45,77.7333
248152,30.4395,77.9109
248159,30.4395,77.9109
248160,30.4517,77.9414
248161,30.4517,77.9414
248164,30.4517,77.9414
248165,30.4517,77.9414
248171,30.2833,78.0167
248179,30.45,78.0833
248191,30.5011,77.8454
248195,30.5011,77.8454
248196,30.6167,77.8833
248197,30.3856,77.8075
248199,30.5011,77.8454
248201,30.4264,77.9406
248202,30.4264,77.9406
248203,30.4264,77.9406
248528,30.5333,77.8333
249132,30.0667,78.2722
249193,30.0667,78.2722
249195,30.0667,78.2722
249201,30.1167,78.3167
249202,30.0667,78.2833
249204,30.0667,78.2722
249205,30.0167,78.2167
249302,30.0667,78.2722
249304,30.0667,78.2722
249402,30.0667,78.2722
249405,30.0667,78.2722
249408,30.0667,78.2722
250001,29.0611,77.5556
250002,29.0611,77.5556
250013,29.0611,77.5556
250106,29.0611,77.5556
250221,29.1167,77.6833
250222,29.1167,77.7667
250341,29.0611,77.5556
250406,29.0611,77.5556
250601,28.95,77.2167
250609,28.95,77.2167
250611,28.95,77.2167
250625,28.95,77.2167
251001,27.5667,78.3083
251305,25.5833,79.0333
251306,25.5833,79.0333
251311,29.55,77.5833
261001,27.6917,80.6833
261121,27.6917,80.6833
261135,27.7167,80.9
261141,27.6667,80.4667
261202,27.6917,80.6833
261203,27.6917,80.6833
261205,27.6917,80.6833
261207,27.6917,80.6833
261208,27.6917,80.6833
261302,27.6917,80.6833
261405,27.6917,80.6833
261502,27.6917,80.6833
261505,27.6917,80.6833
261506,27.6917,80.6833
262122,29.75,78.1167
262125,29.75,78.1167
262301,29,80.0417
262308,28.9167,79.9667
262309,29.0833,80.1167
262310,29,80.0417
262311,29,80.0417
262401,29.15,79.1167
262402,29.0833,79.5167
262403,29.1167,79.3167
262408,29.1167,79.3167
262501,29.7438,80.2229
262502,29.7438,80.2229
262519,29.7438,80.2229
262520,29.4722,80.0833
262521,29.4722,80.0833
262522,29.6667,80.05
262523,29.3333,80.1
262524,29.4167,80.1
262525,29.4722,80.0833
262526,29.4722,80.0833
262527,29.4722,80.0833
262528,29.4722,80.0833
262529,29.4722,80.0833
262530,29.7438,80.2229
262531,29.7438,80.2229
262532,29.7438,80.2229
262533,29.7438,80.2229
262534,29.7438,80.2229
262542,29.9417,80.6
262543,29.7667,80.35
262544,29.9417,80.6
262545,29.9417,80.6
262546,30.1167,80.85
262547,29.9417,80.6
262550,29.8833,80.1583
262551,29.8833,80.1583
262552,29.8167,80.1333
262553,29.95,80.1833
262554,29.8833,80.1583
262555,29.8833,80.1583
262561,29.7438,80.2229
262571,29.8833,80.0167
262572,29.8833,80.0167
262573,29.8833,80.0167
262574,29.8833,80.0167
262575,29.8833,80.0167
262576,29.8833,80.0167
262580,29.7438,80.2229
262701,25.1333,81.3
262721,25.1333,81.3
262722,25.1333,81.3
262725,25.1333,81.3
262902,28.9467,80.0811
262906,28.9467,80.0811
263001,29.44,79.3283
263002,29.44,79.3283
263126,29.3792,79.4292
263127,29.3792,79.4292
263128,29.3792,79.4292
263129,29.3792,79.4292
263131,29.4167,79.5333
263132,29.3833,79.5167
263134,29.4167,79.5333
263135,29.4167,79.5333
263136,29.4167,79.5333
263137,29.45,79.55
263138,29.4167,79.5333
263139,29.4167,79.5333
263140,29.2833,79.35
263142,29.2833,79.35
263145,29.2833,79.35
263146,29.2833,79.35
263147,29.2833,79.35
263148,29.2833,79.35
263149,29.2833,79.35
263151,29.4,79.3
263152,29.4,79.3
263153,29.4,79.3
263154,29.4,79.3
263155,29.4,79.3
263157,29.4,79.3
263158,29.4,79.3
263159,29.4,79.3
263160,29.3792,79.4292
263601,29.4806,79.2611
263610,29.4806,79.2611
263621,29.4806,79.2611
263622,29.4806,79.2611
263623,29.4806,79.2611
263624,29.4806,79.2611
263625,29.4806,79.2611
263626,29.4806,79.2611
263628,29.4806,79.2611
263629,29.4806,79.2611
263630,29.8,79.4083
263631,29.65,78.9167
263632,29.95,79.9
263633,29.8,79.4083
263635,29.8,79.4083
263636,29.8,79.4083
263638,29.8,79.4083
263640,29.1889,78.9389
263641,29.9167,79.6167
263642,29.85,79.7667
263643,27.8,77.4333
263645,29.1889,78.9389
263646,29.1889,78.9389
263647,29.1889,78.9389
263648,29.1889,78.9389
263651,29.7167,79.9333
263652,29.7167,79.9333
263654,29.7167,79.9333
263656,29.7167,79.9333
263658,29.7167,79.9333
263659,29.7167,79.9333
263660,29.4806,79.2611
263661,29.4806,79.2611
263662,29.4806,79.2611
263663,29.4806,79.2611
263664,29.4806,79.2611
263665,29.4806,79.2611
263667,29.4806,79.2611
263669,29.4806,79.2611
263670,29.4806,79.2611
263671,29.4806,79.2611
263675,29.4806,79.2611
263676,29.4806,79.2611
263677,29.4806,79.2611
263678,29.4806,79.2611
263679,29.4806,79.2611
263680,29.4806,79.2611
263681,29.4806,79.2611
263682,29.4806,79.2611
263683,29.4806,79.2611
263684,29.4806,79.2611
263685,29.4806,79.2611
263686,29.4806,79.2611
263687,29.4806,79.2611
263688,29.4806,79.2611
263689,29.4806,79.2611
264712,29.2833,78.8167
265441,29.0452,79.8101
271001,27.375,82.05
271002,27.375,82.05
271124,27.375,82.05
271125,27.375,82.05
271202,27.5167,82.65
271206,27.5167,82.65
271209,27.5167,82.65
271210,27.5167,82.65
271307,27.0333,81.7833
271310,27.0333,81.7833
271312,27.0333,81.7833
271314,27.0333,81.7833
271318,27.0333,81.7833
271403,26.9667,81.9833
271404,26.9667,81.9833
271405,26.9667,81.9833
271601,27.3167,82.4167
271604,27.3167,82.4167
271605,27.3167,82.4167
271801,27.7083,81.7333
271824,27.7083,81.7333
271828,27.7083,81.7333
271829,27.7083,81.7333
271845,27.55,81.9667
271864,27.8667,81.5
271865,27.8667,81.5
271902,27.375,82.05
271903,27.375,82.05
271905,27.375,82.05
272001,26.8796,82.873
272002,26.8796,82.873
272120,26.7333,82.7833
272124,26.7333,82.7833
272131,26.8648,82.8622
272135,26.8648,82.8622
272152,26.8648,82.8622
272161,26.8648,82.8622
272163,26.8648,82.8622
272164,26.8648,82.8622
272165,26.8648,82.8622
272172,26.6333,82.9833
272173,26.7572,83.1278
272181,26.8667,82.7167
272182,26.8667,82.7167
272191,27.3333,82.7
272192,27.3333,82.7
272204,27.2,83.1167
272207,27.2,83.1167
272208,27.2,83.1167
272209,27.2,83.1167
272301,26.6333,82.6833
272302,26.6333,82.6833
273001,27.4333,83.7
273007,27.4333,83.7
273009,27.4333,83.7
273010,27.4333,83.7
273011,27.4333,83.7
273012,27.4333,83.7
273202,27.4333,83.7
273301,27.4333,83.7
273303,27.4333,83.7
273305,27.4333,83.7
273406,27.4333,83.7
273407,27.4333,83.7
273409,27.4333,83.7
273411,27.4333,83.7
273415,27.4333,83.7
274001,26.7879,82.6172
274201,26.7879,82.6172
274202,26.7879,82.6172
274203,26.7879,82.6172
274205,26.7879,82.6172
274206,26.7879,82.6172
274301,26.7879,82.6172
274304,26.7879,82.6172
274306,26.7879,82.6172
274401,26.7879,82.6172
274407,26.7879,82.6172
274408,26.7879,82.6172
274409,26.7879,82.6172
274502,26.7879,82.6172
274505,26.7879,82.6172
274509,26.7879,82.6172
274601,26.7879,82.6172
274602,26.7879,82.6172
274603,26.7879,82.6172
274604,26.7879,82.6172
274701,26.7879,82.6172
274702,26.7879,82.6172
275102,26.4,81.5333
275105,26.4,81.5333
275201,26.4,81.5333
275203,26.4,81.5333
275204,25.6833,83.2833
275205,26.4,81.5333
275207,27.1167,79.7833
275208,26.4,81.5333
276123,25.7667,83.1833
276128,25.7667,83.1833
276131,26.5417,83.3417
276135,26.5417,83.3417
276136,26.5417,83.3417
276137,26.5417,83.3417
276138,26.5417,83.3417
276141,27.3167,83.5
276202,25.75,82.9833
276208,25.75,82.9833
276302,26.2778,83.2222
276303,26.2778,83.2222
276405,26.2778,83.2222
277121,24.2833,83.5
277127,24.2833,83.5
277201,24.2833,83.5
277204,24.2833,83.5
277206,24.2833,83.5
277211,24.2833,83.5
277213,24.2833,83.5
277215,24.2833,83.5
277216,25.9333,81.7
277218,24.2833,83.5
277307,24.2833,83.5
277404,24.2833,83.5
277502,24.2833,83.5
277506,24.2833,83.5
281001,27.5933,77.7567
281002,27.5933,77.7567
281003,27.5933,77.7567
281112,27.5833,77.7
281121,27.5833,77.7
281201,27.9,77.6833
281304,27.4417,77.9
281305,27.4333,77.75
281306,27.45,78.05
281307,27.4417,77.9
281401,27.6,77.6
281402,27.6,77.6
281503,27.5933,77.7567
281504,27.5933,77.7567
282001,27.1833,78.0167
282002,27.2167,78.0167
282003,27.1833,78.0278
282004,27.1833,78.0278
282005,27.1833,78.0278
282006,27.1833,78.0278
282007,27.1833,78.0278
282008,27.1833,78.0278
282009,27.1833,78.0278
283101,27.1833,77.7667
283102,27.0267,78.1821
283103,27.0267,78.1821
283104,26.87,78.5975
283110,27.1,77.6667
283111,27.0167,78.3167
283112,27.0444,77.9444
283114,27.0444,77.9444
283115,27.0444,77.9444
283119,27.0167,77.85
283202,27.15,78.4167
283203,27.15,78.4167
284001,25.125,78.8583
284124,25.125,78.8583
284125,25.125,78.8583
284128,25.125,78.8583
284203,25.5667,79.3
284302,25.125,78.8583
284401,24.6833,78.4167
284403,24.6833,78.4167
284405,24.6833,78.4167
284406,24.6833,78.4167
284407,24.6833,78.4167
285001,26.0556,79.4444
285122,26.15,79.35
285123,26.15,79.35
285124,26.15,79.35
285126,26.15,79.35
285128,26.15,79.35
285129,26.15,79.35
285130,26.15,79.35
285131,26.15,79.35
285133,26.15,79.35
285201,25.9,79.25
285204,26.1167,79.7333
285206,26.0083,79.4917
301001,27.45,76.5333
301023,27.45,76.5333
301024,27.45,76.5333
301028,27.45,76.5333
301029,27.45,76.5333
301031,27.45,76.5333
301032,27.45,76.5333
301033,27.45,76.5333
301037,27.45,76.5333
301042,27.45,76.5333
301043,27.45,76.5333
301401,27.4,76.6333
301403,27.4,76.6333
301406,27.4,76.6333
301408,27.4,76.6333
301410,27.2333,76.4
301411,27.9333,76.85
301412,27.7833,76.45
301413,27.65,76.5667
301416,27.65,76.5667
301419,27.65,76.5667
301420,27.7833,76.5167
301421,27.7833,76.5167
301424,27.7833,76.5167
301426,27.7833,76.5167
301701,27.5972,76.5639
301703,27.5972,76.5639
301707,27.5972,76.5639
301709,27.5972,76.5639
301712,27.5972,76.5639
301713,27.5972,76.5639
302001,26.1748,74.8799
302002,26.1748,74.8799
302003,26.1748,74.8799
302004,26.1748,74.8799
302005,26.1748,74.8799
302006,26.1748,74.8799
302007,26.1748,74.8799
302008,26.1748,74.8799
302009,26.1748,74.8799
302010,26.1748,74.8799
302011,26.1748,74.8799
302012,26.1748,74.8799
302013,26.1748,74.8799
302014,26.1748,74.8799
302015,26.1748,74.8799
302016,26.1748,74.8799
302017,26.1748,74.8799
303002,26.7,75.6
303003,26.7,75.6
303004,26.7,75.6
303006,26.5833,75.65
303007,26.8167,75.55
303012,26.8667,75.95
303102,27.2167,75.95
303103,27.2167,75.95
303105,27.2167,75.95
303110,27.2167,75.95
303112,27.2167,75.95
303113,27.2167,75.95
303114,27.2167,75.95
303116,27.2167,75.95
303118,27.2167,75.95
303209,26.7557,75.7809
303302,26.7333,76.15
303303,26.7333,76.15
303307,26.7333,76.15
303308,26.7333,76.15
303329,26.7389,75.4833
303341,26.7417,75.15
303348,26.7833,75.2
303349,26.7,75.1
303502,26.8,76.3167
303503,26.5667,76.3333
303505,26.8,76.3167
303507,27.0333,76.3
303602,27.2667,75.4333
303604,27.2667,75.4333
303608,27.2667,75.4333
303609,27.2667,75.4333
303611,25.5294,75.6653
303701,26.7557,75.7809
303703,26.7557,75.7809
303704,26.7557,75.7809
303705,26.7557,75.7809
303801,27.2,75.8167
303804,27.2,75.8167
303806,27.2,75.8167
303807,27.2,75.8167
303901,26.6,75.95
303905,26.6417,75.9167
303906,26.6417,75.9167
303907,26.6833,75.8833
304001,26.15,75.2167
304023,26.15,75.2167
304024,26.15,75.2167
304502,26.2833,75.3833
304503,26.2167,75.4778
304505,26.0167,75.4833
304506,26.35,75.5667
304507,26.2167,75.4778
304508,26.2167,75.4778
304509,26.2167,75.4778
304510,26.2167,75.4778
304511,26.2167,75.4778
304803,25.8167,75.425
304804,25.75,75.3833
304807,25.8833,75.4667
305001,26.45,74.6333
305002,26.45,74.6333
305003,26.45,74.6333
305006,26.45,74.6333
305007,26.45,74.6333
305011,26.45,74.6333
305023,26.45,74.6333
305024,26.45,74.6333
305026,26.45,74.6333
305205,26.0907,74.863
305405,25.8,75.05
305408,25.7083,75.1667
305409,25.6167,75.2833
305410,26.075,75.1667
305412,26.1333,75.0167
305415,26.0167,75.3167
305601,26.3,74.7333
305625,26.15,74.8167
305627,26.15,74.8167
305801,26.65,74.95
305812,26.65,74.95
305815,26.65,74.95
305816,26.65,74.95
305817,26.65,74.95
305818,26.65,74.95
305923,25.7,73.9667
305924,25.7,73.9667
305925,25.7,73.9667
305927,25.7,73.9667
306101,26.25,74.25
306106,25.7833,73.8333
306114,26.0167,74.0417
306116,26.0167,74.0417
306304,26.0039,73.8406
306306,26.0039,73.8406
306308,26.0039,73.8406
306309,26.0039,73.8406
306401,25.4337,73.5082
306504,24.9167,73.1333
306602,25.3667,73.45
306603,25.3667,73.45
306701,25.1833,73.2833
306702,25.1833,73.4333
306703,25.2833,73.5667
306704,25.2333,73.5333
306706,25.1333,73.3167
306902,25.4333,72.95
306913,25.4333,72.95
307020,24.4833,72.7833
307026,24.4833,72.7833
307027,24.4833,72.7833
307029,24.4833,72.7833
307033,24.9167,72.7833
307034,24.9167,72.7833
307043,25.0167,72.9167
307501,24.6,72.7
307512,24.7167,72.5167
307802,24.7467,72.74
311022,25.5,74.675
311024,25.5,74.675
311025,25.1833,74.6333
311029,25.8167,74.7167
311302,25.65,74.3333
311303,25.65,74.3333
311402,25.3667,74.3833
311403,25.45,74.5667
311406,25.4083,74.475
311408,25.4083,74.475
311604,25.2,75.1
311605,25.2667,75.0583
311606,25.2667,75.0583
311607,25.2667,75.0583
311608,25.3333,75.0167
311801,25.4286,74.6786
311803,25.4286,74.6786
311804,25.4286,74.6786
311806,25.4286,74.6786
311807,25.4286,74.6786
312202,24.9,74.3333
312205,24.9,74.3333
312206,24.9,74.3333
312208,24.9,74.3333
312606,23.6667,74.85
312609,23.6667,74.85
312617,23.6667,74.85
312618,23.6667,74.85
312619,23.6667,74.85
312901,25.05,74.6
312902,25.05,74.6
313001,25.7736,75.6278
313011,25.1618,74.6306
313012,25.1618,74.6306
313014,25.1618,74.6306
313021,25.1618,74.6306
313022,25.1618,74.6306
313023,25.1618,74.6306
313024,25.1618,74.6306
313026,25.1618,74.6306
313027,25.1618,74.6306
313029,25.1618,74.6306
313031,24.55,73.6333
313032,24.55,73.6333
313033,24.55,73.6333
313034,24.55,73.6333
313202,24.6167,72.7167
313204,24.6167,72.7167
313205,24.6167,72.7167
313209,24.6167,72.7167
313211,24.6167,72.7167
313212,24.6167,72.7167
313301,24.9333,73.8167
313321,25.0667,73.8833
313324,25.0667,73.8833
313326,25.0667,73.8833
313329,25.0667,73.8833
313330,25.5333,73.9
313331,25.5333,73.9
313332,25.5333,73.9
313333,25.5333,73.9
313340,25.0667,73.8833
313342,25.0667,73.8833
313601,24.6833,74.1333
313604,24.6833,74.1333
313607,24.6833,74.1333
313608,24.6833,74.1333
313708,25.359,74.0728
313804,29.1833,75.3333
313901,24.1833,73.8
313904,24.1833,73.8
313906,24.1833,73.8
313907,24.1833,73.8
314011,23.69,74.0333
314022,23.8333,74.1833
314024,23.75,74.0167
314025,23.6833,74.0167
314026,23.5167,74
314029,23.6667,73.95
314036,23.69,74.0333
314401,23.7167,73.6833
314404,23.7167,73.6833
314405,23.7167,73.6833
314804,23.6944,73.975
321001,27.65,77.2667
321021,27.65,77.2667
321022,27.65,77.2667
321026,27.65,77.2667
321029,27.65,77.2667
321032,27.65,77.2667
321033,27.65,77.2667
321034,27.65,77.2667
321035,27.65,77.2667
321203,27.7167,77.0833
321204,27.7167,77.0833
321205,27.7167,77.0833
321208,27.7167,77.0833
321209,27.7167,77.0833
321210,27.7167,77.0833
321302,27.1794,76.52
321305,27.1794,76.52
321406,25.6817,75.7308
321407,25.6817,75.7308
321408,25.6817,75.7308
321409,25.6817,75.7308
321413,25.6817,75.7308
321415,25.6817,75.7308
321417,25.6817,75.7308
321418,25.6817,75.7308
321421,25.6817,75.7308
321423,25.6817,75.7308
321424,25.6817,75.7308
321426,25.6817,75.7308
321506,28.0703,73.9789
321601,27.1167,77.15
321602,27.2333,77.2
321603,27.1333,77.0944
321607,27.1333,77.0944
321608,27.05,76.9333
321609,27.1333,77.0944
321611,26.9167,76.8167
321612,26.9167,76.8167
321614,26.9167,76.8167
322001,26.2167,76.6333
322021,26.2167,76.6333
322022,26.2167,76.6333
322023,26.2167,76.6333
322028,26.2167,76.6333
322030,26.2167,76.6333
322032,26.2167,76.6333
322034,26.2167,76.6333
322036,26.2167,76.6333
322201,26.6167,76.7167
322202,26.6167,76.7167
322203,26.6167,76.7167
322204,26.6167,76.7167
322206,26.6167,76.7167
322212,26.7,76.5333
322215,26.6333,76.7083
322217,26.6333,76.7083
322219,26.5667,76.8833
322223,26.6292,76.8375
322230,26.6292,76.8375
322232,26.6292,76.8375
322242,26.6333,77.2167
322243,26.6333,77.2167
322246,26.6333,77.2167
322247,26.6333,77.2167
322248,26.6333,77.2167
322252,26.6292,76.8375
323001,25.4956,75.5903
323021,25.3167,75.7319
323022,25.3111,75.6164
323023,25.5819,75.5
323024,25.4956,75.5903
323025,25.6833,75.45
323026,25.5847,75.6533
323306,25.5241,75.6864
323603,25.6667,76.1667
323613,25.6667,76.1667
323615,25.6667,76.1667
323801,25.5241,75.6864
323802,25.5241,75.6864
324002,25.6171,76.0493
324003,25.6171,76.0493
324004,25.6171,76.0493
324005,25.6171,76.0493
324006,25.6171,76.0493
324007,25.6171,76.0493
324009,25.6171,76.0493
325001,25.2167,75.8
325003,25.2167,75.8
325004,25.2167,75.8
325007,25.2167,75.8
325205,24.65,76.7667
325208,24.65,76.7667
325219,24.65,76.7667
325220,24.6667,76.8333
325221,24.6333,76.7
325224,24.65,76.7667
325225,24.65,76.7667
325226,24.65,76.7667
325602,24.8667,76.1167
326022,24.2833,76.2333
326033,24.4167,76.5667
326036,24.4167,76.5667
326040,24.6667,76.2667
326041,24.6667,76.2667
326512,24.7083,75.9083
326515,24.7083,75.9083
326516,24.7083,75.9083
326518,24.7667,75.8833
326519,24.65,75.9333
326520,24.7083,75.9083
327021,23.5833,74.225
327022,23.6,74.1333
327025,23.5667,74.3167
327026,23.5833,74.225
327028,23.5833,74.225
327030,23.5167,74.7167
327601,23.55,74.2667
327602,23.55,74.2667
327605,23.75,74.2333
327606,23.35,74.3
328001,25.6171,76.0493
328025,25.6171,76.0493
328027,25.6171,76.0493
328028,25.6171,76.0493
328030,25.6171,76.0493
328035,25.6171,76.0493
328039,25.6171,76.0493
328041,25.6171,76.0493
331001,27.75,74.5833
331022,27.75,74.5833
331023,27.75,74.5833
331028,27.75,74.5833
331030,27.75,74.5833
331302,28.6833,75.0333
331304,28.6833,75.0333
331305,28.6833,75.0333
331403,28.0167,74.5767
331502,27.8167,74.4
331503,27.8,74.4
331507,27.8083,74.4
331510,27.8083,74.4
331518,27.8083,74.4
331802,28.0333,74.4667
331803,28.0333,74.4667
331805,28.0333,74.4667
332021,27.4,74.9167
332025,27.4,74.9167
332029,27.4,74.9167
332034,27.6667,75.35
332035,27.6667,75.35
332036,27.6667,75.35
332042,27.5333,75.1333
332043,27.5333,75.1333
332301,27.3685,75.1833
332305,27.3685,75.1833
332306,27.3685,75.1833
332307,27.3685,75.1833
332311,27.3685,75.1833
332318,27.3685,75.1833
332401,27.4833,75.3667
332402,27.4833,75.3667
332404,27.4833,75.3667
332408,31.95,74.65
332409,27.4833,75.3667
332413,27.4833,75.3667
332604,27.3685,75.1833
332701,27.35,75.475
332702,27.3,75.1833
332703,27.35,75.475
332704,27.4,75.7667
332705,27.35,75.475
332708,27.35,75.475
332715,27.5333,75.75
332717,27.5333,75.75
332719,27.5333,75.75
332722,27.0167,75.6083
332724,27.0167,75.6083
332725,27.0167,75.6083
332726,27.0667,75.6833
332727,27.0167,75.6083
332728,27.0167,75.6083
332729,26.9667,75.5333
332731,27.5,73.1
332733,27.5,73.1
332734,27.5,73.1
332737,27.5,73.1
332738,27.5,73.1
332743,27.2944,75.1694
333012,28.1583,75.3
333014,28.1583,75.3
333016,28.1583,75.3
333023,28.1833,75.5
333024,28.25,75.3917
333025,28.3167,75.2833
333026,28.25,75.3917
333030,28.1583,75.3
333031,28.1583,75.3
333033,28.1583,75.3
333035,28.1583,75.3
333038,28.1583,75.3
333040,28.0667,75.2083
333042,27.85,75.2667
333043,28.0667,75.2083
333046,28.2833,75.15
333047,28.0667,75.2083
333048,28.0667,75.2083
333302,27.7268,75.4294
333305,27.7268,75.4294
333307,27.7268,75.4294
333310,27.7268,75.4294
333315,27.7268,75.4294
333501,27.8833,75.7667
333504,27.8833,75.7667
333515,27.8833,75.7667
333703,25.8442,75.6097
334001,28.0667,73.3833
334021,28.0667,73.3833
334022,28.0667,73.3833
334201,27.9667,73.55
334301,28.1905,73.5738
334305,28.1905,73.5738
334401,27.85,73.2667
334402,27.85,73.2667
334404,27.85,73.2667
334602,28.3833,73.8833
334603,28.4833,73.75
334604,28.7833,73.8333
334801,27.8,73.35
334802,27.8,73.35
334803,27.8,73.35
334804,27.8,73.35
335001,29.6564,73.6442
335023,29.75,73.8667
335024,29.75,73.8667
335025,29.75,73.8667
335026,29.75,73.8667
335037,29.6564,73.6442
335041,29.6833,73.6167
335042,29.6833,73.6167
335051,29.5358,73.4492
335062,29.6564,73.6442
335063,29.6564,73.6442
335065,29.6564,73.6442
335073,29.6564,73.6442
335074,29.6564,73.6442
335501,28.8394,74.9897
335502,28.8394,74.9897
335503,28.8394,74.9897
335511,29.1833,75.3333
335512,29.2114,74.7532
335513,29.2114,74.7532
335514,29.2114,74.7532
335525,29.5833,74.5167
335526,29.5833,74.5167
335708,29.4784,74.0878
335801,29.4784,74.0878
335804,29.4784,74.0878
335806,29.4784,74.0878
335807,29.4784,74.0878
335901,29.4784,74.0878
335902,29.4784,74.0878
341001,27.0633,73.9833
341002,27.0633,73.9833
341012,27.3333,73.5667
341022,27.3,73.9
341023,27.2167,74.1833
341030,26.7333,74.1333
341031,26.7333,74.1333
341033,26.85,74
341035,26.6167,74.2667
341302,27.65,74.3833
341306,27.65,74.3833
341313,27.65,74.3833
341319,27.65,74.3833
341501,26.8917,74.4
341503,26.8333,74.3333
341504,26.95,74.4667
341505,26.8917,74.4
341508,26.8917,74.4
341509,26.8917,74.4
341515,26.7333,74.4667
341517,26.7333,74.4667
341524,27.2167,74.9333
341527,27.2167,74.9333
341528,27.2167,74.9333
341529,27.2167,74.9333
341530,26.9333,74.3333
341538,26.9333,74.3333
341540,26.65,74.1833
341541,26.65,74.1833
341542,26.65,74.1833
341545,26.65,74.1833
341546,26.65,74.1833
341548,26.65,74.1833
341549,26.65,74.1833
342001,26.3542,72.4
342003,26.3542,72.4
342006,26.3542,72.4
342008,26.3542,72.4
342023,26.3833,72.5
342026,26.3778,72.3222
342028,26.3833,72.3333
342029,26.3667,72.1333
342030,26.2833,72.6333
342032,26.2833,72.6333
342034,26.2833,72.6333
342037,26.2833,72.6333
342302,26.9833,72.5833
342303,26.7167,72.9167
342306,26.55,72.8833
342311,26.9583,72.6917
342312,27.1333,73.05
342314,26.7833,72.3333
342602,26.4,73.7833
342802,26.0017,73.0022
342803,26.0592,72.9928
342804,26.1167,72.9833
343001,24.9833,72.4333
343011,24.9833,72.4333
343021,25.2,72.5833
343025,25.2,72.5833
343027,25.2,72.5833
343029,25.2,72.5833
343031,24.7667,72.2833
343032,24.7667,72.2833
343034,24.7667,72.2833
343039,24.7667,72.2833
343045,24.9833,72.4333
343048,24.9833,72.4333
344013,25.9667,70.7833
344014,25.9667,70.7833
344015,25.9667,70.7833
344021,25.8167,72.5833
344022,25.8333,72.2333
344023,25.8222,72.5056
344026,25.8222,72.5056
344029,25.8167,72.7
344030,25.9167,72.2667
344032,25.9167,72.2667
344034,25.9167,72.2667
344036,25.9167,72.2667
344501,25.8111,72.1278
344801,25.5167,72.2
345001,27.0958,71.4167
345002,27.0958,71.4167
345023,27.0167,71.9167
345028,27.5,71.7167
345029,27.2583,71.8167
345030,26.8333,70.5167
345031,27.0333,71.5167
360001,22.0833,70.9167
360002,22.0833,70.9167
360003,22.0833,70.9167
360004,22.0833,70.9167
360005,22.0833,70.9167
360006,22.0833,70.9167
360022,22.0833,70.9167
360023,22.0833,70.9167
360035,22.1333,70.6333
360050,22.0333,71.2
360110,22.4333,70.6
360360,21.9429,70.3214
360370,21.9429,70.3214
360375,21.9429,70.3214
360405,21.8,70.2167
360410,21.8,70.2167
360430,21.8,70.2167
360452,21.8,70.2167
360480,21.8667,70.15
360490,21.7333,70.2833
360530,21.7,69.6917
360545,21.7,69.6917
360550,21.6833,69.75
360560,21.7,69.6917
360570,21.7,69.6917
360572,21.7,69.6917
360575,21.7,69.6917
360578,21.7,69.6917
360583,21.7167,69.6333
360590,21.7,69.6917
360592,21.7,69.6917
361001,22.3292,69.875
361002,22.3292,69.875
361003,22.3292,69.875
361004,22.3292,69.875
361006,22.3292,69.875
361007,22.3292,69.875
361008,22.3292,69.875
361009,22.3292,69.875
361010,22.3292,69.875
361011,22.3292,69.875
361012,22.3292,69.875
361130,22.2083,70.175
361160,22.2167,70.3833
361170,22.2,69.9667
361220,22.6167,70.5333
361230,22.6,70.2167
361240,22.5111,70.2167
361280,22.3167,69.9
361295,22.5111,70.2167
361301,22.2278,69.3333
361305,22.2278,69.3333
361310,22.3167,69.6
361316,22.3167,69.6
361320,21.9,69.3167
361321,21.9,69.3167
361322,21.9,69.3167
361350,22.4667,69.0833
362001,21.3778,70.5833
362011,21.3778,70.5833
362014,21.3778,70.5833
362015,21.3778,70.5833
362036,21.3778,70.5833
362132,21.3778,70.5833
362140,21.3778,70.5833
362150,21.3778,70.5833
362151,21.3778,70.5833
362155,21.3778,70.5833
362215,21.2417,70.25
362216,21.2417,70.25
362220,21.3333,70.2333
362221,21.3667,70.1
362222,21.3667,70.25
362226,21.3333,70.2333
362228,21.2667,70.35
362230,21.2417,70.25
362231,21.2417,70.25
362245,21.2417,70.25
362256,20.9667,70.3
362257,20.9667,70.3
362259,20.9667,70.3
362263,21.2417,70.25
362271,21.2417,70.25
362310,21.45,71.85
362515,20.7,70.9833
362520,20.7,70.9833
362530,20.7,70.9833
362540,20.7,70.9833
362550,20.7,70.9833
362560,20.7,70.9833
362620,21.4833,70.0833
362621,21.4833,70.0833
362623,21.4833,70.0833
362624,21.4833,70.0833
362625,21.4833,70.0833
362626,21.4833,70.0833
362630,21.5,70.1333
362633,21.9,70.6667
362634,22.3,71.2
362710,21.3778,70.5833
362721,21.3778,70.5833
362727,21.3778,70.5833
362730,21.3778,70.5833
362733,21.3778,70.5833
363001,22.7,71.6833
363030,22.7,71.6833
363035,22.7,71.6833
363320,22.5542,71.6167
363330,22.5542,71.6167
363331,22.5542,71.6167
363333,22.5542,71.6167
363416,22.4056,72.4333
363421,22.5667,71.8
363423,22.55,71.9667
363424,22.5583,71.8833
363425,22.5583,71.8833
363435,22.1,73.5333
363530,22.5667,71.1833
363535,22.6667,71.1
363621,22.6167,70.9333
363622,22.6167,70.9333
363626,22.6167,70.9333
363641,22.6417,70.8333
363650,22.6667,70.7333
363670,22.6417,70.8333
364001,21.6833,72.1667
364002,21.6833,72.1667
364055,21.7667,72.0667
364071,21.6,72.2667
364120,21.5167,72.1167
364130,21.6833,71.95
364131,21.6833,71.95
364140,21.35,72.05
364145,21.35,72.05
364146,21.35,72.05
364220,21.7,71.5167
364230,22.3,71.2
364240,21.4333,71.7167
364241,21.4333,71.7167
364245,21.4333,71.7167
364260,21.4333,71.7167
364265,21.4333,71.7167
364270,21.5167,71.8333
364275,21.5167,71.8333
364290,21.0833,71.8
364292,21.0833,71.8
364293,21.0833,71.8
364296,21.0833,71.8
364297,21.0833,71.8
364312,21.9167,71.85
364315,21.9167,71.85
364330,22.0333,70.3
364335,22.0333,70.3
364410,21.8333,71.9167
364421,21.85,71.3
364430,21.7167,71.3833
364431,21.7167,71.3833
364435,21.7167,71.3833
364445,21.8,71.5333
364456,21.8,71.5333
364460,21.8,71.5333
364480,21.8,71.5333
364481,21.8,71.5333
364505,21.5333,71.5833
364510,21.3333,71.32
364522,21.4833,70.95
364535,21.55,71.35
364536,21.55,71.35
364540,21.3333,71.32
364545,21.3333,71.32
364550,21.05,71.2833
364560,21.05,71.4333
364601,21.4611,71.0944
364610,21.4611,71.0944
364616,21.4611,71.0944
364620,21.7333,71.2
364630,21.4167,71.1667
364641,21.2333,70.9167
364710,21.7389,72.0333
364712,21.7389,72.0333
364720,22.25,71.5667
364741,20.9667,72.9
364750,21.7389,72.0333
364765,22,71.6333
370001,23.4577,70.0026
370007,23.4577,70.0026
370015,23.4577,70.0026
370020,23.4577,70.0026
370110,23.5,70.6917
370132,23.4,70.5167
370135,23.4,70.5167
370141,23.5167,70.35
370145,23.35,70.5833
370146,23.4333,70.4667
370150,23.3333,70.5833
370155,23.55,70.9833
370156,23.6833,70.85
370157,23.4667,70.9333
370165,23.7,70.7333
370169,23.7,70.7333
370170,23.5,70.6917
370203,23.4577,70.0026
370205,23.4577,70.0026
370210,23.4577,70.0026
370230,23.4577,70.0026
370406,23.4577,70.0026
370427,23.4577,70.0026
370429,23.4577,70.0026
370445,23.4577,70.0026
370465,23.4577,70.0026
370472,23.4577,70.0026
370475,23.4577,70.0026
370485,23.4577,70.0026
370615,23.3333,69.25
370627,23.39,68.9
370630,23.8167,68.7833
370640,23.2167,68.7167
370655,23.2667,68.8333
370660,23.3167,68.9167
380001,30.25,77.5833
380002,26.6667,75.125
380003,26.6667,75.125
380004,26.6667,75.125
380005,23.0833,72.6667
380006,26.6667,75.125
380007,26.6667,75.125
380008,26.6667,75.125
380012,25.2042,73.6792
380013,25.2042,73.6792
380015,25.2042,73.6792
380016,25.2042,73.6792
380018,25.2042,73.6792
380019,25.2042,73.6792
380021,23.0333,72.6167
380022,23.0333,72.6167
380023,23.0333,72.6167
380024,23.0333,72.6167
380025,23.0333,72.6167
380026,23.0333,72.6167
380027,23.0333,72.6167
380028,23.0333,72.6167
380050,24.45,71.85
380051,24.45,71.85
380054,24.45,71.85
380055,24.45,71.85
380061,25.2042,73.6792
382009,23.1733,72.4283
382010,23.1733,72.4283
382016,23.1733,72.4283
382017,23.1733,72.4283
382019,23.1733,72.4283
382020,23.1733,72.4283
382021,23.1733,72.4283
382022,23.1733,72.4283
382023,23.1733,72.4283
382028,23.1733,72.4283
382029,23.1733,72.4283
382030,23.1733,72.4283
382041,23.1733,72.4283
382042,23.1733,72.4283
382043,23.1733,72.4283
382110,22.9833,72.3833
382130,23.3,71.9167
382140,23.1444,72.1889
382165,23.15,72.2667
382166,23.15,72.2667
382220,22.8,72.45
382230,22.8,72.45
382255,22.8,72.45
382260,22.8,72.45
382270,22.8,72.45
382305,23.1667,72.8167
382308,23.1667,72.8167
382310,23.2,72.8167
382315,23.2,72.8167
382316,23.2,72.8167
382320,23.0833,72.6667
382321,23.0833,72.6667
382325,23.0833,72.6667
382330,23.1542,72.7583
382345,23.1542,72.7583
382350,23.1667,72.7333
382355,23.1667,72.7333
382405,22.8667,72.5917
382410,22.8667,72.5917
382415,22.8667,72.5917
382421,22.8667,72.5917
382422,22.8667,72.5917
382423,22.8667,72.5917
382424,22.8667,72.5917
382425,22.85,72.5833
382426,22.8833,72.6
382435,22.8667,72.5917
382443,22.8667,72.5917
382449,22.8667,72.5917
382450,22.8667,72.5917
382451,22.8667,72.5917
382465,22.8667,72.5917
382470,22.8667,72.5917
382481,22.8667,72.5917
382610,23.1733,72.4283
382620,23.1733,72.4283
382630,23.1733,72.4283
382640,23.1733,72.4283
382650,23.1733,72.4283
382655,23.1733,72.4283
382704,23.375,72.425
382705,23.3833,72.45
382706,23.3667,72.4
382708,23.375,72.425
382709,23.375,72.425
382710,23.3,72.3333
382713,23.3,72.3333
382715,23.3,72.3333
382718,23.3,72.3333
382721,23.1333,72.3667
382725,23.1333,72.3667
382726,23.1333,72.3667
382728,23.1333,72.3667
382729,23.1333,72.3667
382730,23.3333,72.5667
382733,23.3333,72.5667
382734,23.3333,72.5667
382735,23.3333,72.5667
382736,23.3333,72.5667
382737,23.3333,72.5667
382739,23.3333,72.5667
382740,23.1167,71.7667
382743,23.1167,71.7667
382745,23.1167,71.7667
382750,23.3167,71.8333
382755,23.3167,71.8333
382760,23.225,72.1875
382765,23.225,72.1875
382775,22.85,71.7833
382780,23.225,72.1875
382810,23.5417,72.9167
382815,23.5417,72.9167
382816,23.5417,72.9167
382820,23.5417,72.9167
382823,23.5417,72.9167
382833,23.5417,72.9167
382835,23.5417,72.9167
382840,23.6167,72.7333
382857,23.5417,72.9167
382861,23.5417,72.9167
382863,23.5417,72.9167
382867,23.5417,72.9167
382868,23.5417,72.9167
382871,23.5417,72.9167
382875,23.5417,72.9167
382880,23.4667,73.1
383001,23.5762,74.9214
383030,23.5762,74.9214
383110,23.5762,74.9214
383120,23.5762,74.9214
383205,24.65,79.6583
383215,24.65,79.6583
383220,24.65,79.6583
383225,24.65,79.6583
383230,22.2,70.8667
383235,22.2,70.8667
383240,27.1,88.45
383245,27.1,88.45
383246,27.1,88.45
383250,24.65,79.6583
383251,24.65,79.6583
383255,24.65,79.6583
383270,24.65,79.6583
383275,24.65,79.6583
383276,24.65,79.6583
383305,23.3667,73
383307,23.3667,73
383325,23.2167,73.2167
383327,23.2167,73.2167
383335,23.2667,73.35
383345,22.05,72.5667
383410,23.8333,73
383421,23.8333,73
383430,23.8333,73
383440,23.8333,73
383462,23.8333,73
383781,23.5762,74.9214
384001,23.5037,72.1241
384002,23.5037,72.1241
384011,23.5037,72.1241
384110,23.5037,72.1241
384121,23.5037,72.1241
384122,23.5037,72.1241
384130,23.5037,72.1241
384132,23.5037,72.1241
384133,23.5037,72.1241
384140,23.5037,72.1241
384151,23.5037,72.1241
384160,23.5037,72.1241
384170,23.5037,72.1241
384172,23.5037,72.1241
384175,23.5037,72.1241
384177,23.5037,72.1241
384178,23.5037,72.1241
384205,23.63,71.98
384206,23.63,71.98
384207,23.63,71.98
384211,23.5333,72.0333
384213,23.5167,72.0667
384220,23.7167,72.1167
384221,23.7167,72.1167
384229,23.7167,72.1167
384230,23.63,71.98
384231,23.63,71.98
384235,23.63,71.98
384240,23.7,71.9
384242,23.6917,71.8417
384245,23.6833,71.7833
384246,23.6917,71.8417
384256,23.63,71.98
384257,23.63,71.98
384265,23.63,71.98
384271,23.63,71.98
384274,23.63,71.98
384276,23.63,71.98
384277,23.63,71.98
384285,23.63,71.98
384290,23.63,71.98
384305,23.7833,72.5667
384312,23.7833,72.5667
384320,23.7833,72.5667
384321,23.7833,72.5667
384327,23.7833,72.5667
384328,23.7833,72.5667
384350,23.7833,72.5667
384365,23.7833,72.5667
384370,23.7833,72.5667
384375,23.7833,72.5667
384410,22.5333,72.1167
384411,23.5833,72.2833
384430,23.4833,72.25
384435,23.4833,72.25
384440,23.2,72.2167
384513,23.5037,72.1241
385001,24,71.9333
385002,24,71.9333
385010,24,71.9333
385011,24,71.9333
385111,24.2333,72.5167
385112,24.2333,72.5167
385120,24.1833,72.7667
385135,24.2083,72.6417
385210,24,71.9333
385215,24,71.9333
385315,24.4333,72.05
385325,24.0333,71.7
385340,23.8333,71.6
385350,23.75,71.1667
385410,23.3667,71.7667
385421,23.3667,71.7667
385505,24.0333,71.9267
385510,24.2167,72.3167
385515,24.2167,72.3167
385516,24.2167,72.3167
385519,24.2167,72.3167
385526,24.0667,72.3167
385531,24.0333,71.9267
385533,24.0333,71.9267
385541,24.0333,71.9267
385546,24.0333,71.9267
385551,23.9667,71.8167
385555,23.9667,71.8167
385560,23.8833,71.7667
385565,24.0333,71.4167
385585,24.0333,71.9267
385586,24.0333,71.9267
385590,24.0333,71.9267
385595,24.0333,71.9267
387001,22.84,73.01
387002,22.84,73.01
387110,24.45,71.85
387111,22.84,73.01
387113,22.84,73.01
387140,22.84,73.01
387210,22.84,73.01
387220,22.84,73.01
387315,22.65,72.9333
387320,22.8208,72.975
387335,22.8167,72.9333
387340,22.85,73.05
387345,22.85,73.05
387350,22.8208,72.975
387360,22.9667,72.9833
387365,22.9667,72.9833
387370,22.8208,72.975
387375,22.8208,72.975
387520,22.84,73.01
387560,22.84,73.01
387620,22.9167,73.15
387635,22.9167,73.15
387640,22.9167,73.15
387710,22.84,73.01
388001,22.7483,73.2167
388110,22.4833,72.7167
388120,22.4833,72.7167
388122,22.4833,72.7167
388132,22.4833,72.7167
388150,22.4833,72.7167
388160,22.4833,72.7167
388180,22.4833,72.7167
388210,22.9292,73.2958
388215,22.9292,73.2958
388217,22.9292,73.2958
388220,22.7,73.1167
388225,22.7,73.1167
388230,22.9292,73.2958
388236,22.9292,73.2958
388238,22.9292,73.2958
388239,22.9292,73.2958
388250,22.8,73.2167
388255,22.95,73.3333
388256,22.875,73.275
388257,22.875,73.275
388258,22.875,73.275
388261,23.2667,73.5167
388265,23.2667,73.5167
388266,23.2667,73.5167
388267,23.2667,73.5167
388305,22.4833,72.9667
388310,22.4833,72.9667
388315,22.4833,72.9667
388320,22.4833,72.9667
388350,22.4833,72.9667
388360,22.4833,72.9667
388370,22.4833,72.9667
388410,22.7483,73.2167
388421,22.7483,73.2167
388425,22.7483,73.2167
388435,22.7483,73.2167
388450,22.7483,73.2167
388465,22.7483,73.2167
388466,22.7483,73.2167
388515,22.3333,73.0333
388520,22.3333,73.0333
388540,22.3333,73.0333
388544,22.3333,73.0333
388555,22.3333,73.0333
388556,22.3333,73.0333
388560,22.3333,73.0333
388620,22.7483,73.2167
388640,22.7483,73.2167
388710,22.8167,73.3833
388711,22.8167,73.4
388712,22.8222,73.4222
388713,22.8333,73.4833
389001,22.8667,73.8405
389111,22.8556,74.0889
389120,22.8556,74.0889
389121,22.8556,74.0889
389122,22.8556,74.0889
389140,22.8167,73.9833
389145,22.8167,73.9833
389151,22.6833,74.3167
389155,22.6833,74.3167
389156,22.6833,74.3167
389157,22.6833,74.3167
389160,22.8556,74.0889
389172,23.0667,73.9667
389175,23.0667,73.9667
389180,22.8556,74.0889
389230,22.8333,69.3667
389232,23.3333,73.6
389240,23.3,73.8333
389260,23.3167,73.7167
389310,22.4333,73.5917
389325,22.4333,73.5917
389330,22.4333,73.5917
389341,22.4333,73.5917
389342,22.4333,73.5917
389350,22.5,73.4667
389352,22.5,73.4667
389365,22.4333,73.5917
389390,22.3667,73.7167
390001,22.3,73.2
390002,21.9417,73.2917
390003,21.9417,73.2917
390004,21.9417,73.2917
390005,21.9417,73.2917
390006,21.9417,73.2917
390007,21.9417,73.2917
390008,21.9417,73.2917
390009,21.9417,73.2917
390010,21.9417,73.2917
390011,21.9417,73.2917
390012,21.9417,73.2917
390013,21.9417,73.2917
390014,21.9417,73.2917
390015,21.9417,73.2917
390016,21.9417,73.2917
390017,21.9417,73.2917
390018,21.9417,73.2917
390019,21.9417,73.2917
391105,21.9833,73.4667
391107,21.9833,73.4667
391108,21.9833,73.4667
391110,22.1111,73.7528
391120,21.95,73.5833
391137,22.1111,73.7528
391141,22.1667,73.5833
391142,22.1667,73.5833
391145,22.1667,73.5833
391146,22.1667,73.5833
391150,22.05,73.8333
391151,22.05,73.8333
391152,22.05,73.8333
391155,22.05,73.8333
391156,22.05,73.8333
391165,22.3167,74.0167
391168,22.2,74.0333
391175,22.1111,73.7528
391210,22.0833,73.3333
391230,22.0833,73.3333
391250,22.0833,73.3333
391310,22.1682,73.4652
391320,22.1682,73.4652
391340,22.1682,73.4652
391440,22.2333,73.0833
391441,22.25,72.95
391460,22.2417,73.0167
391510,22.4333,73.3333
391520,22.4333,73.3333
391530,22.4333,73.3333
391740,22.1682,73.4652
391810,22.1833,72.9
391815,22.1833,72.9
391817,22.1833,72.9
392001,21.7917,72.7917
392011,21.7917,72.7917
392013,21.7917,72.7917
392015,21.7917,72.7917
392020,21.7917,72.7917
392021,21.7917,72.7917
392025,21.7917,72.7917
392040,21.7917,72.7917
392111,21.7,72.5833
392130,21.7,72.5833
392150,21.7,72.5833
392153,21.7,72.5833
392163,21.7,72.5833
392165,21.7,72.5833
392210,21.8833,73
392220,21.8833,73
392230,21.8833,73
392240,21.8833,73
393010,21.5958,73.2708
393020,21.6167,72.9
393030,21.5833,72.8
393040,21.6333,73.5833
393050,21.55,73.8
393115,21.7167,73.3583
393120,21.5667,73.2167
393125,21.5667,73.2167
393145,21.8667,73.5
393150,21.7167,73.3583
394105,21.2833,72.9833
394114,21.2833,72.9833
394115,21.2833,72.9833
394120,21.2833,72.9833
394125,21.2833,72.9833
394155,21.2833,72.9833
394160,21.2833,72.9833
394170,21.2833,72.9833
394180,21.2833,72.9833
394185,21.2833,72.9833
394210,20.9778,73.1
394220,20.9778,73.1
394221,20.9778,73.1
394230,21.0833,72.8833
394235,21.0833,72.8833
394241,20.9667,73.1667
394243,20.8833,73.25
394244,20.925,73.2083
394245,20.925,73.2083
394250,20.9778,73.1
394270,20.9778,73.1
394305,21.4667,71.7722
394310,21.0833,72.9833
394315,21.0833,72.9833
394317,21.0833,72.9833
394325,21.4667,71.7722
394327,21.4667,71.7722
394330,21.2167,73.2333
394335,21.2167,73.2333
394340,22.1,69.1
394360,21.4667,71.7722
394364,21.4667,71.7722
394375,21.4667,71.7722
394440,21.45,73.5
394445,21.45,73.5
394515,21.3333,72.75
394540,21.3333,72.75
394601,21.2167,72.7333
394631,21.2167,72.7333
394650,21.2167,72.7333
394660,21.2167,72.7333
394670,21.2167,72.7333
394680,21.2167,72.7333
394690,21.2167,72.7333
394710,20.7667,73.4833
394720,20.7667,73.4833
394730,20.7667,73.4833
394810,21.2167,72.7333
395002,21.1667,72.8333
395003,21.1667,72.8333
395005,21.1667,72.8333
396001,20.6,72.9
396006,20.6,72.9
396020,20.7833,72.1667
396025,20.7833,72.1667
396030,20.7833,72.1667
396041,20.9667,71.4333
396042,20.9667,71.4333
396065,20.7833,72.1667
396112,20.3583,72.8208
396125,20.3583,72.8208
396126,20.3583,72.8208
396135,20.2333,72.75
396142,20.3583,72.8208
396145,20.3583,72.8208
396156,20.3583,72.8208
396170,20.2,72.75
396171,20.3583,72.825
396175,20.5167,72.9
396180,20.4833,72.8833
396185,20.4833,72.8833
396210,20.4167,72.85
396220,20.3233,72.93
396223,20.3233,72.93
396230,20.2833,72.95
396235,20.2833,72.95
396240,20.2167,73.05
396321,20.825,72.975
396340,20.825,72.975
396350,20.825,72.975
396360,20.8167,72.9833
396370,20.8333,72.9667
396385,20.825,72.975
396403,20.9333,72.9167
396406,20.9333,72.9167
396415,21.0333,72.95
396421,20.9667,72.9
396424,20.9333,72.9167
396427,20.9333,72.9167
396445,20.9333,72.9167
396450,20.9333,72.9167
396452,20.9333,72.9167
396460,20.8333,72.8833
396469,20.8333,72.8833
396521,20.75,73.0667
396530,22.1667,72.6
396540,21.4583,72.8333
396590,21.4583,72.8333
400001,19.0167,72.85
400002,19.0167,72.85
400003,19.0167,72.85
400004,19.0167,72.85
400005,19.0167,72.85
400006,19.0167,72.85
400007,19.0167,72.85
400008,19.0167,72.85
400009,19.0167,72.85
400010,19.0167,72.85
400011,19.0167,72.85
400012,19.0167,72.85
400013,19.0167,72.85
400014,19.0167,72.85
400015,19.0167,72.85
400016,19.0167,72.85
400017,19.0167,72.85
400018,19.0167,72.85
400019,19.0167,72.85
400020,19.0167,72.85
400021,19.0167,72.85
400022,19.0167,72.85
400023,19.0167,72.85
400025,19.0167,72.85
400026,19.0167,72.85
400027,19.0167,72.85
400028,19.0167,72.85
400029,19.0167,72.85
400031,19.0167,72.85
400032,19.0167,72.85
400033,19.0167,72.85
400034,19.0167,72.85
400035,19.0167,72.85
400036,19.0167,72.85
400037,19.0167,72.85
400038,19.0167,72.85
400039,19.0167,72.85
400042,19.0167,72.85
400046,19.0167,72.85
400049,19.0167,72.85
400050,19.0167,72.85
400051,19.0167,72.85
400052,19.0167,72.85
400054,19.0167,72.85
400055,19.0167,72.85
400056,19.0167,72.85
400057,19.0167,72.85
400058,19.0167,72.85
400059,19.0167,72.85
400060,19.0167,72.85
400061,19.0167,72.85
400062,19.0167,72.85
400063,19.0167,72.85
400064,19.0167,72.85
400065,19.0167,72.85
400066,19.0167,72.85
400067,19.0167,72.85
400068,19.0167,72.85
400069,19.0167,72.85
400070,19.0167,72.85
400071,19.0167,72.85
400072,19.0167,72.85
400074,19.0167,72.85
400075,19.0167,72.85
400076,19.0167,72.85
400077,19.0167,72.85
400078,19.0167,72.85
400079,19.0167,72.85
400080,19.0167,72.85
400081,19.0167,72.85
400082,19.0167,72.85
400083,19.0167,72.85
400084,19.0167,72.85
400085,19.0167,72.85
400086,19.0167,72.85
400087,19.0167,72.85
400088,19.0167,72.85
400089,19.0167,72.85
400092,19.0167,72.85
400093,19.0167,72.85
400098,19.0167,72.85
400099,19.0167,72.85
400101,19.0778,72.8944
400102,19.0778,72.8944
400103,19.0778,72.8944
400604,19.2,72.9833
400605,19.2,72.9833
400606,19.2,72.9833
400704,19.0778,72.8944
401204,19.9167,73.2333
401603,19.9167,73.2333
401606,19.9167,73.2333
402111,18.469,72.9349
402112,18.469,72.9349
402113,18.469,72.9349
402115,18.469,72.9349
402121,18.469,72.9349
402124,18.469,72.9349
402204,18.6122,72.9047
402401,18.3258,72.965
403001,15.4667,73.8167
403002,15.45,73.8
403004,15.4833,73.8333
403006,15.4667,73.8167
403101,15.5,73.8167
403102,15.4583,73.9167
403103,15.4583,73.9167
403104,15.4333,73.9
403105,15.4667,74.0833
403106,15.4583,73.9167
403107,15.4583,73.9167
403108,15.4333,73.8667
403110,15.4583,73.9167
403111,15.4583,73.9167
403112,15.4583,73.9167
403203,15.4212,73.8937
403204,15.4212,73.8937
403401,15.4,74.0167
403402,15.4056,73.9778
403403,15.4056,73.9778
403404,15.4333,73.95
403406,15.4056,73.9778
403407,15.4056,73.9778
403408,15.3833,73.9667
403501,15.58,73.9033
403502,15.6,73.8333
403503,15.58,73.9033
403505,15.5833,74
403506,15.5333,74.1333
403507,15.6,73.8167
403508,15.58,73.9033
403509,15.5833,73.7333
403510,15.5667,73.7833
403511,15.55,73.7667
403512,15.7167,73.8
403513,15.6167,73.8333
403515,15.5167,73.75
403516,15.5333,73.75
403517,15.6167,73.7667
403518,15.5881,73.7786
403519,15.5881,73.7786
403521,15.65,73.7
403523,15.65,73.7
403526,15.65,73.7
403527,15.65,73.7
403529,15.65,73.7
403601,15.3167,73.9167
403602,15.3167,73.9167
403603,15.3167,73.9167
403604,15.3167,73.9167
403701,15.1833,73.9667
403702,15.0167,74.0167
403703,15.1667,73.9833
403704,15.1889,73.9833
403705,15.1889,73.9833
403706,15.25,74.1
403707,15.25,73.9167
403708,15.2667,73.9167
403709,15.1889,73.9833
403710,15.3833,73.8833
403711,15.4,73.8333
403712,15.3167,73.9333
403713,15.3167,73.9333
403714,15.2833,74.0333
403716,15.3167,73.9333
403717,15.1833,73.9333
403718,15.3333,73.9833
403719,15.3167,73.9333
403720,15.25,73.9417
403721,15.25,73.9417
403722,15.35,73.9167
403723,15.15,73.9667
403724,15.25,73.9417
403725,15.25,73.9417
403726,15.25,73.9417
403727,15.25,73.9417
403728,15.25,73.9417
403729,15.25,73.9417
403730,15.2474,73.9577
403801,15.4,73.8
403802,15.4,73.8
403803,15.4,73.8
410208,18.8389,73.6833
410209,18.8389,73.6833
410401,18.75,73.4167
410403,18.75,73.4167
410505,18.7167,73.6833
410506,18.7167,73.6833
410507,18.7167,73.6833
410514,19.05,73.95
410515,19.05,73.95
411006,18.1617,74.5404
411013,18.1617,74.5404
411017,18.1617,74.5404
411022,18.1617,74.5404
411025,18.1617,74.5404
411028,18.1617,74.5404
411030,18.1617,74.5404
411031,18.1617,74.5404
411032,18.1617,74.5404
411038,18.1617,74.5404
411041,18.1617,74.5404
412106,18.7333,73.65
412201,18.45,74.0333
412207,18.5833,73.9833
412208,18.65,74.15
412214,18.5611,74.0556
412303,18.2833,74.1667
412310,18.2833,74.1667
412402,18.54,73.9967
412403,18.54,73.9967
412404,18.54,73.9967
412415,18.54,73.9967
412803,17.9333,73.9
413003,18.5571,75.256
413004,18.5571,75.256
413006,18.5571,75.256
413106,18.3,73.25
413111,18.0833,74.7667
413114,18.0833,74.7667
413117,18.0833,74.7667
413118,18.0833,74.7667
413201,18.6667,75.1833
413202,18.6667,75.1833
413218,18.5042,75.2708
413227,18.5042,75.2708
413234,19.2,74.8
413235,19.2,74.8
413246,17.8667,75.8167
413251,18.2833,75.2833
413309,17.4417,75.5167
413312,17.75,76.1
413318,17.1333,74.9333
413402,18.05,75.8
413405,18.05,75.8
413406,18.05,75.8
413501,18.3917,76.4917
413507,18.3917,76.4917
413512,18.3833,77.1167
413517,18.3833,77.1167
413518,18.3833,77.1167
413525,18.4,75.8667
413527,18.4,75.8667
413529,18.4,75.8667
413534,18.3917,76.4917
413542,18.3917,76.4917
413546,18.3917,76.4917
413547,18.3917,76.4917
413576,18.3917,76.4917
413577,18.3917,76.4917
413606,20.7167,75.55
413608,20.7167,75.55
413705,19.3833,74.65
413706,19.3833,74.65
413713,19.5833,74.4667
413721,19.4833,74.5583
413722,19.4833,74.5583
413725,19.4833,74.5583
413728,19.4833,74.5583
413736,19.4833,74.5583
413737,19.4833,74.5583
413739,19.4833,74.5583
414001,19.1375,74.725
414103,19.0667,74.5167
414202,18.9,75.1
414301,19.15,74.3833
414304,19.15,74.3833
414405,19.1375,74.725
414410,19.1375,74.725
414601,19.4333,74.9
414602,19.4333,74.9
415004,17.5944,74.1667
415011,17.5944,74.1667
415015,17.5944,74.1667
415104,17.5944,74.1667
415105,17.5944,74.1667
415111,17.5944,74.1667
415115,17.5944,74.1667
415118,17.5944,74.1667
415202,17.5944,74.1667
415304,17.3,74.35
415305,17.3,74.35
415309,17.3,74.35
415312,17.4333,74.65
415313,17.4333,74.65
415506,17.6,74.45
415510,17.6,74.2
415511,17.6,74.2
415513,17.6,74.2
415519,17.6,74.2
415521,18.0333,74.1833
415609,17.5944,74.1667
415614,17.5944,74.1667
415618,17.5944,74.1667
415622,17.5944,74.1667
415631,17.5944,74.1667
415633,17.5944,74.1667
415706,17.6,73.1667
415708,17.6,73.1667
415711,17.6,73.1667
415719,17.6,73.1667
415722,17.6,73.1667
415726,17.6,73.1667
415805,17.5944,74.1667
416007,16.9167,74.1375
416101,16.85,73.55
416108,18.6333,74.2167
416110,16.7,74.4667
416112,16.7,74.4667
416115,16.7,74.4667
416116,16.7,74.4667
416117,16.7,74.4667
416122,17.1367,74.2533
416130,17.1367,74.2533
416134,17.1367,74.2533
416205,16.4917,74.1583
416210,16.4917,74.1583
416212,16.4,74
416216,16.5833,74.3167
416319,16.9167,74.1375
416402,16.9167,74.1375
416404,16.9167,74.1375
416506,16.9167,74.1375
416512,16.9167,74.1375
416521,16.9167,74.1375
416528,16.9167,74.1375
416529,16.9167,74.1375
416531,16.9167,74.1375
416536,16.9167,74.1375
416550,16.9167,74.1375
416612,16.9167,74.1375
416620,16.9167,74.1375
416626,16.9167,74.1375
416702,16.6667,73.5167
416704,16.6667,73.5167
416705,16.6667,73.5167
416801,16.9167,74.1375
416804,16.9167,74.1375
416805,16.9167,74.1375
416810,16.9167,74.1375
421001,19.2167,73.15
421101,19.1833,73.2083
421301,19.1833,73.2083
421303,19.1833,73.2083
421304,19.1833,73.2083
421502,19.15,73.2667
421504,19.15,73.2667
422214,19.925,73.8917
422306,20.15,74.2333
422403,19.7,73.55
422607,19.925,73.8917
423103,19.7167,74.4833
423107,19.7167,74.4833
423111,19.7167,74.4833
423117,19.7167,74.4833
423201,21.55,74.45
423206,21.55,74.45
423210,20.6333,74.4667
423213,20.6333,74.4667
423302,20.7667,74.1333
423303,20.7667,74.1333
423304,20.7667,74.1333
423401,20.0333,74.4833
423501,20.5,74.0167
423502,20.4833,73.9167
423701,19.9167,74.7333
423702,19.9167,74.7333
424103,20.7417,75.5667
424201,20.6667,75.35
424206,20.8167,75.7833
424207,20.7417,75.5667
424208,20.7417,75.5667
424209,20.7417,75.5667
424301,20.7417,75.5667
425001,20.9567,75.5533
425002,20.9567,75.5533
425109,20.9167,75.3333
425125,20.9167,75.3333
425301,21.1667,75.7
425306,21.05,76.05
425413,20.4833,74.8333
425423,20.4833,74.8333
425503,21.1667,75.85
425519,21.1667,75.85
431102,19.6556,75.4944
431110,19.6556,75.4944
431121,18.7,76.0833
431123,18.7,76.0833
431124,18.7,76.0833
431129,18.7,76.0833
431133,19.8,75.2333
431145,20.4667,75.1667
431146,20.4667,75.1667
431203,18.9321,76.5179
431205,18.9321,76.5179
431206,18.9321,76.5179
431507,16.9833,75.2
431510,16.9833,75.2
431540,16.9833,75.2
431707,18.9667,77.3
431708,18.9667,77.3
431712,19.5,77.6667
431713,19.3667,77.6167
431722,18.8729,77.05
431732,18.8,77.5833
431733,18.6389,76.2333
431734,17.9333,73.9
431735,19.1833,77.2167
431740,18.9,77.6667
431741,18.3333,77.45
431807,19.1833,76.65
431811,19.1833,76.65
440001,21.15,79.1
440002,21.15,79.1
440003,21.15,79.1
440004,21.15,79.1
440005,21.15,79.1
440006,21.15,79.1
440007,21.15,79.1
440008,21.15,79.1
440009,21.15,79.1
440010,21.15,79.1
440011,21.15,79.1
440012,21.15,79.1
440013,21.15,79.1
440014,21.15,79.1
440015,21.15,79.1
440016,21.15,79.1
440017,21.15,79.1
440018,21.15,79.1
440020,21.15,79.1
440021,21.15,79.1
440022,21.15,79.1
440023,21.15,79.1
440024,21.15,79.1
440025,21.15,79.1
440026,21.15,79.1
440027,21.15,79.1
440029,21.15,79.1
440032,21.15,79.1
440050,21.15,79.1
441116,20.8125,78.6833
441117,20.1,77.5833
441203,20.85,79.3333
441204,20.7167,79.5
441205,20.5833,79.6667
441206,20.7167,79.5
441221,20.7167,79.5
441301,20.8125,78.6833
441501,21.2333,78.9
441606,20.8125,78.6833
441803,20.8125,78.6833
441804,20.8125,78.6833
441807,20.8125,78.6833
441919,20.5833,76.8333
441930,20.5833,76.8333
442006,20.4333,76.9611
442204,20.15,73.8167
442207,20.15,73.8167
442306,20.7,78.3333
442307,20.45,78.7333
442308,20.575,78.5333
442605,20.4333,76.9611
442705,20.4333,76.9611
443107,20.5936,76.5726
443302,19.9833,76.5333
443304,20.3,76.5667
443402,21.0456,76.5953
443405,21.0456,76.5953
443406,21.1078,76.6072
443407,20.9833,76.5833
444110,20.6167,77.5
444121,20.6167,77.5
444122,20.6167,77.5
444307,20.7288,77.1106
444308,20.7288,77.1106
444312,20.7288,77.1106
444502,20.3,77.0667
444508,20.3,77.0667
444601,20.7288,77.1106
444706,20.6833,78.1
444709,20.6833,78.1
444710,20.6833,78.1
444801,21.0106,77.7028
444806,21.0106,77.7028
444819,21.0219,76.4431
444826,21.0333,75.1833
444908,20.7288,77.1106
444915,20.7288,77.1106
445001,20.3556,78.0944
445101,20.3556,78.0944
445105,20.3556,78.0944
445106,20.3556,78.0944
445208,20.35,77.9
445210,20.4333,77.6667
445212,20.4333,77.6667
445308,20.2833,78.7167
445311,20.2833,78.7167
445401,20.3556,78.0944
450052,22.186,76.5803
450053,22.186,76.5803
450114,22.2333,76.4
450115,22.1,76.1167
450116,22.1,76.7333
450117,21.8047,76.7422
450118,22.0595,76.4981
450124,22.0595,76.4981
450221,21.3833,76.25
450223,21.3833,76.25
450327,24.3333,77.9667
450331,24.3333,77.9667
450332,24.3333,77.9667
450333,24.3333,77.9667
450334,24.3333,77.9667
450441,22.186,76.5803
450551,22.186,76.5803
450554,22.186,76.5803
450661,21.7,76.2167
450771,21.8333,76.2167
451110,22.1833,76.0667
451111,22.1833,76.0667
451115,22.1833,76.0667
451117,22.1833,76.0667
451220,22.5833,74.4667
451221,22.1833,75.6667
451222,22.3389,75.2667
451223,22.25,75.6667
451228,22.3389,75.2667
451229,22.3389,75.2667
451239,22.3389,75.2667
451335,21.8167,75.8667
451337,21.8167,75.8667
451440,21.5833,79.0167
451447,21.5833,79.0167
451451,21.5833,79.0167
451555,22.0278,75.7315
451556,22.0278,75.7315
451557,22.0278,75.7315
451558,22.0278,75.7315
451559,22.0278,75.7315
451563,22.0278,75.7315
451659,22,75.0667
451660,22.0667,75.3833
451661,21.9333,74.75
451664,22,75.0667
451665,22,75.0667
451667,22,75.0667
451669,22,75.0667
451770,21.65,74.7
452001,22.8023,75.5605
452002,22.8023,75.5605
452004,22.8023,75.5605
452005,22.8023,75.5605
452006,22.8023,75.5605
452008,22.8023,75.5605
452009,22.8023,75.5605
452012,22.8023,75.5605
452020,22.8023,75.5605
452056,22.8023,75.5605
453115,22.85,75.55
453220,22.9833,75.5167
453235,22.9833,75.5167
453331,22.8,75.6278
453446,22.5667,75.8167
453463,22.5667,75.8167
453652,22.8,75.6278
453661,22.8,75.6278
454010,22.5926,75.0352
454111,22.6667,74.9833
454116,22.6667,74.9833
454129,22.6333,74.8333
454221,22.3667,74.7667
454276,22.5,74.85
454341,22.3333,75
454350,22.3333,75
454365,22.3333,75
454441,22.55,75.1
454446,22.55,75.1
454448,22.55,75.1
454449,22.55,75.1
454552,22.3167,75.5
454571,22.3167,75.5
454648,22.95,75.0667
454660,23.0167,75.2167
454665,23.0167,75.2167
454666,23.0167,75.2167
454667,23.0167,75.2167
454668,23.0167,75.2167
454730,22.5926,75.0352
454749,22.5926,75.0352
454773,22.5926,75.0352
455001,22.7556,76.6389
455003,22.7556,76.6389
455111,23.1,76.2167
455116,23.1,76.2167
455117,23.1,76.2167
455119,23.1,76.2167
455178,23.1,76.2167
455221,22.7556,76.6389
455223,22.7556,76.6389
455227,22.7556,76.6389
455302,22.5833,76.85
455332,22.6667,76.7333
455339,22.5,76.9667
455440,22.7556,76.6389
456001,23.1833,75.7667
456003,23.1833,75.7667
456006,23.1833,75.7667
456008,23.1833,75.7667
456009,23.1833,75.7667
456010,23.1833,75.7667
456221,23.3333,75.5667
456222,23.375,75.425
456224,23.4167,75.2833
456335,23.325,75.7361
456337,23.325,75.7361
456443,23.325,75.7361
456550,23.45,75.8667
456551,23.45,75.8667
456552,23.45,75.8667
456661,23.2333,75.9
456663,23.2833,75.9667
456664,23.2833,75.9667
456665,23.3333,76.0333
456666,23.2833,75.9667
456668,23.2833,75.9667
457001,23.3167,75.0667
457111,23.4,75.1167
457114,23.5583,75.25
457118,23.7167,75.3833
457222,23.4333,75.05
457550,23.4667,74.9167
457551,23.4833,74.8167
457552,23.475,74.8667
457555,23.475,74.8667
457769,23.2333,74.8333
457770,23.0833,74.7667
457775,23.0417,74.6667
457777,23,74.5667
457887,22.3,74.35
457993,22.65,74.5333
458001,24.4375,75.1375
458002,24.4375,75.1375
458110,24.4833,75.15
458113,24.4833,75.15
458118,24.4833,75.15
458220,24.8167,75.1167
458224,24.8167,75.1167
458226,24.8167,75.1167
458272,24.8167,75.1167
458441,24.4375,75.1375
458442,24.4375,75.1375
458468,24.4375,75.1375
458474,24.4375,75.1375
458553,24.2833,75.05
458558,24.1667,75.2333
458588,24.225,75.1417
458676,24.4375,75.1375
460330,21.5167,76.65
460443,21.5167,76.65
460444,21.5167,76.65
460447,21.5167,76.65
460449,21.5167,76.65
460551,21.5167,76.65
460553,21.5167,76.65
460557,21.5167,76.65
460665,21.5167,76.65
460666,21.5167,76.65
461001,22.5083,77.7875
461005,22.5083,77.7875
461110,22.7,77.7333
461111,22.6167,77.75
461114,22.6583,77.7417
461115,22.6583,77.7417
461221,22.25,77.2333
461228,22.25,77.2333
461251,22.25,77.2333
461331,22.5083,77.7875
461427,22.5083,77.7875
461444,22.5083,77.7875
461446,22.5083,77.7875
461551,22.5083,77.7875
461555,22.5083,77.7875
461881,22.4667,78.4333
462003,23.0667,77.3769
462030,23.0667,77.3769
462046,23.0667,77.3769
463111,23.0667,77.3769
463120,23.0667,77.3769
464001,23.3063,77.8417
464002,23.3063,77.8417
464112,24.15,77.4333
464114,24.15,77.4333
464220,23.3063,77.8417
464221,23.3063,77.8417
464226,23.3063,77.8417
464337,23.9333,78.2
464551,23.3167,78.0833
464556,23.3167,78.0833
464573,23.3167,78.0833
464651,22.8778,77.7056
464661,23.4833,77.7333
464665,23.2417,77.975
464668,23,78.2167
464670,22.15,77.1667
464676,22.15,77.1667
464770,23.3063,77.8417
464774,23.3063,77.8417
464776,23.3063,77.8417
464884,23.4,78.2167
464990,23.0167,77.6833
464993,23.0167,77.6833
465106,23.2667,76.15
465116,23.2667,76.15
465118,23.2667,76.15
465220,23.3833,76.6
465221,23.3833,76.6
465223,23.3833,76.6
465230,23.3833,76.6
465336,23.8167,76.3667
465337,23.8167,76.3667
465418,23.5083,76.3958
465441,23.5083,76.3958
465445,23.5083,76.3958
465661,23.5667,76.4667
465667,23.5667,76.4667
465679,23.5667,76.4667
465683,23.5667,76.4667
465686,23.5667,76.4667
465687,23.5667,76.4667
465689,23.5667,76.4667
465697,23.5667,76.4667
466115,23.1667,76.6667
466116,23.1667,76.6667
466117,23.1667,76.6667
466119,23.1667,76.6667
466125,23.1667,76.6667
466331,23.1667,76.6667
466448,23.1667,76.6667
466665,23.1667,76.6667
470001,23.881,79.2214
470002,23.881,79.2214
470003,23.881,79.2214
470005,23.881,79.2214
470111,23.7833,78.3667
470119,23.7833,78.3667
470122,23.7833,78.3667
470223,23.881,79.2214
470226,23.881,79.2214
470229,23.881,79.2214
470230,23.881,79.2214
470235,23.881,79.2214
470335,23.881,79.2214
470337,23.881,79.2214
470441,24.05,78.6333
470442,24.05,78.6333
470661,23.8167,79.4333
470662,23.7,79.5333
470664,23.85,79.5667
470666,23.9,79.2
470672,23.8167,79.4333
470675,23.8167,79.4333
470771,23.9,79.5667
470772,23.9833,79.6833
470775,23.9417,79.625
470880,23.881,79.2214
471001,24.9,79.6
471101,24.8194,79.6861
471105,24.8194,79.6861
471111,24.8194,79.6861
471301,24.7,79.3833
471311,24.5,79.0833
471313,24.5,79.0833
471401,24.8194,79.6861
471408,24.8194,79.6861
471411,24.8194,79.6861
471501,24.85,79.9333
471505,24.85,79.9333
471515,24.9667,80.0667
471525,25.0833,80.2
471625,24.8833,79.9167
472001,24.8833,79.15
472010,24.8833,79.15
472111,24.75,79.0667
472221,25.0167,79.2333
472246,25.0167,79.2333
472336,24.8833,79.15
472442,24.8833,79.15
472445,24.8833,79.15
472447,24.8833,79.15
473001,24.69,77.5367
473101,24.69,77.5367
473105,24.69,77.5367
473118,24.69,77.5367
473226,24.45,77.2
473229,24.45,77.2
473249,24.1333,77.1167
473287,23.8167,77.0333
473330,24.69,77.5367
473331,24.69,77.5367
473333,24.69,77.5367
473335,24.69,77.5367
473440,24.5167,77.9667
473660,24.69,77.5367
473662,24.69,77.5367
473775,24.69,77.5367
473781,24.69,77.5367
473865,25.7,77.9167
473880,24.9667,77.5667
473885,24.9667,77.5667
474001,27.1333,88.2667
474002,27.1333,88.2667
474003,27.1333,88.2667
474004,27.1333,88.2667
474005,27.1333,88.2667
474006,27.1333,88.2667
474008,27.1333,88.2667
474009,27.1333,88.2667
474020,27.1333,88.2667
474040,27.1333,88.2667
474042,27.1333,88.2667
474055,27.1333,88.2667
475001,24.3167,75.2333
475005,24.3167,75.2333
475110,25.9,78.3333
475336,25.5358,77.6967
475661,25.9633,78.61
475671,25.9633,78.61
475673,26.01,78.6533
475675,25.9167,78.5667
476111,26.7075,78.2261
476115,26.67,78.3747
476133,26.6888,78.3004
476224,26.225,77.5167
476228,26.2,77.6333
476229,26.25,77.4
476235,26.1667,77.4667
477105,24.2214,77.3307
477111,22.0167,76.2167
477116,26.4261,78.4447
477227,26.3333,78.7664
477331,24.75,77.3
477332,24.75,77.3
477333,24.75,77.3
477445,26.1983,78.945
477447,26.0025,78.8761
480001,22.2389,79.4981
480002,22.2389,79.4981
480107,21.95,79.1167
480110,21.95,79.1167
480115,21.95,79.1167
480221,22.3,79.1667
480224,22.3,79.1667
480331,22.2389,79.4981
480334,22.2389,79.4981
480338,22.2389,79.4981
480443,22.2389,79.4981
480447,22.2389,79.4981
480449,22.2389,79.4981
480554,22.35,78.6667
480557,22.35,78.6667
480559,22.35,78.6667
480664,21.9667,79.5167
480669,21.9667,79.5167
480771,21.95,79.6833
480882,22.4,79.5333
480884,22.4,79.5333
480887,22.4,79.5333
480990,22.4111,79.9333
480994,22.3667,79.9167
480996,22.2667,80.0667
480997,22.4111,79.9333
480999,22.6,79.8167
481001,22.0615,80.2808
481105,21.9667,80.4667
481111,22.1,80.55
481116,22.1667,80.6667
481117,22.2333,80.7833
481125,22.1,80.6
481222,21.5,80.5333
481226,21.5,80.5333
481228,21.5,80.5333
481335,21.6833,80
481441,21.95,80.05
481445,21.8167,79.875
481449,21.6833,79.7
481551,22.1333,80.1167
481554,22.1583,80.2167
481556,22.1833,80.3167
481584,22.1583,80.2167
481661,22.0615,80.2808
481662,22.0615,80.2808
481665,22.0615,80.2808
481771,22.4833,80.3667
481776,22.4333,80.1167
481778,21.95,80.15
481993,22.5,80.5
482001,23.181,80.2514
482002,23.181,80.2514
482003,23.181,80.2514
482004,23.181,80.2514
482005,23.181,80.2514
482007,23.181,80.2514
482010,23.181,80.2514
482011,23.181,80.2514
482020,23.181,80.2514
482050,23.181,80.2514
482051,23.181,80.2514
482053,23.181,80.2514
482056,23.181,80.2514
483001,23.1,80.05
483105,23.4111,80.0222
483113,23.4111,80.0222
483220,23.4,80.05
483222,23.4,80.05
483330,23.7333,79.9667
483331,23.7333,79.9667
483332,23.7333,79.9667
483334,23.7333,79.9667
483336,23.7333,79.9667
483442,23.4111,80.0222
483501,23.4111,80.0222
483504,23.4111,80.0222
484113,22.9167,81.8667
484114,22.9167,81.8667
484116,22.9167,81.8667
484117,22.9167,81.8667
484220,23.1917,81.2875
484224,23.1917,81.2875
484660,23.65,80.7
484661,23.5333,80.8333
484770,23.1917,81.2875
484776,23.1917,81.2875
484881,22.6667,81.75
484886,22.6667,81.75
485001,24.2944,80.0944
485005,24.2944,80.0944
485111,24.2944,80.0944
485115,24.2944,80.0944
485331,25.8833,77.1333
485344,25.8833,77.1333
485446,24.5667,80.6
485661,24.2944,80.0944
485771,24.2667,80.75
485773,24.1167,80.5833
485774,24.2333,80.7722
485775,24.3167,80.9833
485778,24.2333,80.7722
485881,22.6167,80.5167
486111,24.6833,81.55
486112,24.2111,80.0278
486113,23.1167,76.9
486114,24.2111,80.0278
486115,24.8333,81.6333
486123,24.2111,80.0278
486220,24.9833,81.65
486226,24.9833,81.65
486228,24.9833,81.65
486338,24.6833,81.65
486340,24.6833,81.65
486341,24.6833,81.65
486342,24.6833,81.65
486441,24.7167,81.4167
486442,24.7167,81.4167
486444,24.7167,81.4167
486449,24.7167,81.4167
486536,24.45,81.4083
486550,24.3833,81.3
486552,24.45,81.4083
486553,24.5167,81.5167
486556,24.45,81.4083
486666,24.4833,81.0333
486669,24.4833,81.0333
486771,24.4333,81.6833
486775,24.4333,81.6833
486886,24.4833,81.0333
486892,24.4833,81.0333
487001,22.875,78.8
487114,22.875,78.8
487118,22.875,78.8
487221,22.875,78.8
487225,22.875,78.8
487551,22.9167,78.7833
487555,22.9167,78.7833
487770,22.8333,78.8167
487881,22.875,78.8
487885,22.875,78.8
488001,24.7167,80.2
488050,24.7167,80.2
488051,24.7167,80.2
488220,24.9,80.2667
488441,24.4333,80.0333
490001,21.3244,81.9627
490006,21.3244,81.9627
490010,21.3244,81.9627
490011,21.3244,81.9627
490012,21.3244,81.9627
490021,21.3244,81.9627
490024,21.3244,81.9627
490025,21.3244,81.9627
490026,21.3244,81.9627
490036,21.3244,81.9627
490042,21.3244,81.9627
491001,21.2381,81.1443
491002,21.2381,81.1443
491003,21.2381,81.1443
491004,21.2381,81.1443
491111,21.2381,81.1443
491113,21.2381,81.1443
491221,21.0667,81.2833
491222,20.8714,81.2811
491223,20.9447,81.2886
491225,20.9481,81.1997
491226,20.9028,81.2906
491227,20.6833,81.4
491228,20.9028,81.2906
491229,20.9028,81.2906
491230,20.9028,81.2906
491331,21.75,81.4333
491332,21.75,81.4333
491335,21.7,81.5333
491336,21.75,81.4333
491337,21.75,81.4333
491338,21.8,81.3333
491340,21.7667,81.8
491441,21.25,80.9167
491443,21.25,80.9167
491444,21.3,81.1
491445,21.2,80.7333
491557,21.0667,80.6667
491558,21.0667,80.6667
491559,21.0667,80.6667
491661,20.9667,80.85
491665,20.7833,80.7167
491668,20.85,80.7333
491771,21.2381,81.1443
491881,21.4167,80.9667
491885,21.4167,80.9667
491888,21.4167,80.9667
491991,21.8417,81.2833
491993,21.6667,81.3167
491995,22.0167,81.25
492001,21.3244,81.9627
492003,21.3244,81.9627
492004,21.3244,81.9627
492005,21.3244,81.9627
492007,21.3244,81.9627
492008,21.3244,81.9627
492009,21.3244,81.9627
492012,21.3244,81.9627
492015,21.3244,81.9627
492109,21.3244,81.9627
492112,21.3244,81.9627
493101,21.6333,81.7
493111,21.65,81.8667
493113,21.65,81.8667
493114,21.5667,81.8
493116,21.65,81.8667
493118,21.7333,81.9333
493222,21.15,81.7
493225,21.15,81.7
493228,21.15,81.7
493330,21.65,82.3
493332,21.6667,82.1667
493335,21.6333,82.4333
493344,21.6667,82.5167
493354,21.6556,82.3722
493441,21.2,81.9667
493445,21.1,82.1
493449,21.0333,82.3833
493551,21.4444,82.9
493555,21.35,82.7667
493558,21.3333,83
493559,21.65,82.9333
493562,19.9833,81.8333
493661,21.05,81.7167
493663,20.8322,81.7214
493773,20.7072,81.5497
493776,20.6667,81.55
493778,20.3442,81.9589
493779,20.5727,81.6862
493881,20.8004,81.9711
493885,20.9658,81.8808
493889,20.635,82.0614
493890,19.9,82.6667
493895,20.2931,82.2364
493992,20.8122,82.2094
493996,20.8122,82.2094
494001,19.7748,81.4003
494002,19.7748,81.4003
494005,19.7748,81.4003
494010,19.7748,81.4003
494111,18.4,81.6667
494114,17.8,81.3833
494115,18.1,81.525
494122,18.1,81.525
494221,20.0266,81.6226
494222,20.0266,81.6226
494223,19.2,81.9333
494224,21.1,80.9167
494225,20.0266,81.6226
494226,19.6,81.6667
494227,20.0266,81.6226
494228,20.2064,81.9736
494229,20.0266,81.6226
494230,20.0266,81.6226
494331,20.4069,81.5172
494332,20.4069,81.5172
494333,20.4481,81.6225
494334,20.4069,81.5172
494335,20.2833,81.65
494336,20.3961,81.4297
494337,20.5,81.3667
494435,18.8,80.55
494441,18.8,80.55
494442,18.8,80.55
494445,18.8,80.55
494447,18.8,80.55
494448,18.8,80.55
494449,18.8,80.55
494551,19.7748,81.4003
494552,19.7748,81.4003
494553,19.7748,81.4003
494554,19.7748,81.4003
494556,19.7748,81.4003
494572,19.7748,81.4003
494635,20.3036,81.0381
494661,19.7167,81.25
494665,20.0925,81.1564
494669,19.9046,81.2032
494670,20.0376,81.1481
494771,19.7748,81.4003
494775,19.7748,81.4003
494776,19.7748,81.4003
494777,19.7748,81.4003
495001,26.1872,80.0646
495004,26.1872,80.0646
495009,26.1872,80.0646
495012,26.1872,80.0646
495112,26.1872,80.0646
495113,26.1872,80.0646
495116,26.1872,80.0646
495117,26.1872,80.0646
495118,26.1872,80.0646
495119,26.1872,80.0646
495220,26.1872,80.0646
495221,26.1872,80.0646
495222,26.1872,80.0646
495330,26.1872,80.0646
495334,26.1872,80.0646
495335,26.1872,80.0646
495337,26.1872,80.0646
495422,31.1744,77.0458
495445,31.1744,77.0458
495446,31.1744,77.0458
495447,31.1744,77.0458
495449,31.1744,77.0458
495450,31.1744,77.0458
495452,31.1744,77.0458
495453,31.1744,77.0458
495550,21.2,83.0833
495551,21.2,83.0833
495552,21.2,83.0833
495553,21.2,83.0833
495554,21.2,83.0833
495556,21.2,83.0833
495557,21.2,83.0833
495559,21.2,83.0833
495652,26.1872,80.0646
495660,26.1872,80.0646
495663,26.1872,80.0646
495668,26.1872,80.0646
495671,26.1872,80.0646
495674,26.1872,80.0646
495677,26.1872,80.0646
495679,26.1872,80.0646
495680,26.1872,80.0646
495681,26.1872,80.0646
495682,26.1872,80.0646
495683,26.1872,80.0646
495684,26.1872,80.0646
495687,26.1872,80.0646
495688,26.1872,80.0646
495689,26.1872,80.0646
495690,26.1872,80.0646
495691,26.1872,80.0646
495692,26.1872,80.0646
495695,26.1872,80.0646
496001,22.1894,83.4273
496004,22.1894,83.4273
496100,22.0833,83.4333
496107,22.0833,83.4333
496111,22.1667,83.35
496113,22.4,83.5667
496115,22.2833,83.4583
496116,22.2833,83.4583
496118,22.2833,83.4583
496120,22.2167,83.45
496223,22.7333,83.7917
496224,22.9667,83.6333
496225,22.7333,83.7917
496227,22.5,83.95
496330,23.0667,83.8167
496331,23.0667,83.8167
496334,23.0667,83.8167
496336,23.0667,83.8167
496338,23.0667,83.8167
496440,21.6,83.0833
496445,21.6,83.0833
496450,21.6,83.0833
496460,21.6,83.0833
496551,21.5667,83.2667
496554,21.6333,83.3667
496661,21.9667,83.1167
496665,22.1333,83.1167
497001,23.125,82.9278
497101,22.0833,81.35
497111,22.0833,81.35
497114,22.0833,81.35
497116,22.0833,81.35
497118,22.0833,81.35
497119,22.0833,81.35
497210,23.4333,83.4889
497220,23.8,83.7
497222,23.2833,83.9167
497223,23.4333,83.4889
497225,23.4333,83.4889
497229,23.2167,82.85
497231,23.4333,83.4889
497235,23.4333,83.4889
497331,23.1833,82.875
497333,23.1833,82.875
497335,23.25,82.55
497339,23.1833,82.875
497437,23.125,82.9278
497442,23.125,82.9278
497446,23.125,82.9278
497447,23.125,82.9278
497448,23.125,82.9278
497449,23.125,82.9278
497451,23.125,82.9278
497553,23.125,82.9278
497555,23.125,82.9278
497557,23.125,82.9278
497559,23.125,82.9278
497773,23.125,82.9278
497778,23.125,82.9278
500001,16.7024,78.1036
500002,16.7024,78.1036
500003,16.7024,78.1036
500004,16.7024,78.1036
500007,16.7024,78.1036
500008,16.7024,78.1036
500010,17.4381,78.5406
500011,17.4381,78.5406
500012,17.4381,78.5406
500013,17.4381,78.5406
500014,17.4381,78.5406
500015,17.4381,78.5406
500016,17.4381,78.5406
500017,17.4381,78.5406
500018,17.4381,78.5406
500021,16.7024,78.1036
500022,16.7024,78.1036
500023,16.7024,78.1036
500024,16.7024,78.1036
500025,16.7024,78.1036
500026,16.7024,78.1036
500027,16.7024,78.1036
500028,16.7024,78.1036
500029,16.7024,78.1036
500030,15.9667,77.6667
500031,15.9667,77.6667
500032,15.9667,77.6667
500034,15.9667,77.6667
500035,15.9667,77.6667
500036,15.9667,77.6667
500037,15.9667,77.6667
500038,15.9667,77.6667
500039,15.9667,77.6667
500040,16.7024,78.1036
500041,16.7024,78.1036
500042,16.7024,78.1036
500044,16.7024,78.1036
500045,16.7024,78.1036
500047,16.7024,78.1036
500048,16.7024,78.1036
500049,16.7024,78.1036
500051,16.7024,78.1036
500133,16.7024,78.1036
500134,16.7024,78.1036
500171,16.7024,78.1036
500252,16.7024,78.1036
500253,16.7024,78.1036
500264,16.7024,78.1036
500265,16.7024,78.1036
500266,16.7024,78.1036
500380,16.7024,78.1036
500463,16.7024,78.1036
500587,16.7024,78.1036
500594,16.7024,78.1036
500659,16.7024,78.1036
500660,16.7024,78.1036
500661,16.7024,78.1036
500762,16.7024,78.1036
500768,16.7024,78.1036
500855,16.7024,78.1036
500890,16.7024,78.1036
500963,16.7024,78.1036
501103,18.1308,79.1847
501106,18.1308,79.1847
501114,18.1308,79.1847
501141,19.15,79.4667
501142,17.1117,78.9028
501143,18.1308,79.1847
501144,18.1308,79.1847
501146,18.1308,79.1847
501150,18.1308,79.1847
501152,18.1308,79.1847
501155,18.1308,79.1847
501158,18.1308,79.1847
501206,17.5091,78.8475
501504,17.1633,78.6629
501505,17.3239,78.6042
501506,17.1633,78.6629
501508,17.1203,78.7178
501509,17.0458,78.6667
501528,17.3031,78.7272
502001,16.6289,80.0624
502101,16.1667,81.1667
502103,16.1667,81.1667
502109,16.1667,81.1667
502110,16.1667,81.1667
502113,16.1667,81.1667
502117,16.1667,81.1667
502220,16.6289,80.0624
502228,16.6289,80.0624
502246,16.6289,80.0624
502251,16.6289,80.0624
502257,16.6289,80.0624
502267,16.6289,80.0624
502281,16.6289,80.0624
502284,16.6289,80.0624
502291,16.6289,80.0624
502305,17.0911,78.9581
502307,17.0911,78.9581
502308,17.0911,78.9581
502323,17.0911,78.9581
502324,17.0911,78.9581
502330,17.0911,78.9581
502375,17.0911,78.9581
503001,18.4135,78.1415
503002,18.4135,78.1415
503102,17.9942,78.2742
503103,17.9942,78.2742
503110,18.4,78.1333
503111,18.4,78.1333
503114,18.4,78.1333
503120,18.2833,78.1917
503122,18.2833,78.1917
503124,18.3333,78.2333
503145,18.2688,78.1348
503164,18.2688,78.1348
503165,18.2688,78.1348
503176,18.2688,78.1348
503178,18.2688,78.1348
503180,18.3833,77.8833
503187,18.3833,77.8833
503193,18.2688,78.1348
503201,18.6833,77.9667
503202,18.6833,77.9667
503217,18.8667,78.35
503220,18.775,78.1583
503224,18.775,78.1583
503225,18.775,78.1583
503230,18.775,78.1583
503231,18.775,78.1583
503246,18.775,78.1583
503309,18.4135,78.1415
503311,18.4135,78.1415
503313,18.4135,78.1415
503315,18.4135,78.1415
504001,19.2833,78.1917
504002,19.2833,78.1917
504101,18.8833,77.9667
504106,18.8833,77.9667
504205,19.2833,78.1917
504206,19.2833,78.1917
504209,19.2833,78.1917
504215,19.2833,78.1917
504216,19.2833,78.1917
504218,19.2833,78.1917
504220,19.2833,78.1917
504231,19.2833,78.1917
504251,19.2833,78.1917
504272,19.2833,78.1917
504295,19.2833,78.1917
504296,19.2833,78.1917
504305,19.6833,78.4167
504307,19.6833,78.4167
504311,19.6833,78.4167
504312,19.6833,78.4167
504313,19.6833,78.4167
504321,19.6833,78.4167
504325,19.6833,78.4167
504340,19.6833,78.4167
504342,19.6833,78.4167
504344,19.6833,78.4167
504346,19.6833,78.4167
505001,17.448,78.5913
505002,17.448,78.5913
505101,17.448,78.5913
505102,17.448,78.5913
505122,17.448,78.5913
505152,17.448,78.5913
505173,17.448,78.5913
505184,17.1842,78.3897
505187,17.448,78.5913
505188,17.448,78.5913
505208,17.448,78.5913
505209,17.448,78.5913
505210,17.448,78.5913
505301,17.448,78.5913
505305,17.448,78.5913
505327,17.448,78.5913
505401,17.448,78.5913
505405,17.448,78.5913
505407,17.448,78.5913
505413,17.448,78.5913
505417,17.448,78.5913
505425,17.448,78.5913
505450,17.448,78.5913
505460,17.0086,78.1908
505467,17.0667,77.65
505470,17.7216,79.0386
505472,17.6183,78.9458
505474,18.3167,79.2833
505475,17.7216,79.0386
505476,17.2297,78.8867
505480,18.9,78.8167
505498,17.448,78.5913
505502,17.448,78.5913
505505,17.448,78.5913
505525,17.448,78.5913
505526,17.448,78.5913
505527,17.448,78.5913
505530,17.448,78.5913
506001,17.0289,78.3025
506002,17.0289,78.3025
506003,17.0289,78.3025
506004,17.0289,78.3025
506006,17.0289,78.3025
506007,17.0289,78.3025
506008,17.0289,78.3025
506011,17.0289,78.3025
506012,17.0289,78.3025
506013,17.0289,78.3025
506015,17.0289,78.3025
506101,17.0289,78.3025
506142,17.0289,78.3025
506144,17.0289,78.3025
506165,17.0289,78.3025
506167,17.0289,78.3025
506224,17.0289,78.3025
506244,17.0289,78.3025
506252,17.0289,78.3025
506301,17.0289,78.3025
506302,17.0289,78.3025
506303,17.0289,78.3025
506313,17.0289,78.3025
506314,17.0289,78.3025
506315,17.0289,78.3025
506316,17.0289,78.3025
506318,17.0289,78.3025
506329,17.0289,78.3025
506330,17.0289,78.3025
506352,17.0289,78.3025
506370,17.0289,78.3025
506371,17.0289,78.3025
506381,17.0289,78.3025
506391,17.0289,78.3025
507002,17.4333,80.675
507003,17.4333,80.675
507101,17.6,80.3333
507106,17.6,80.3333
507111,17.6,80.3333
507115,17.1842,78.3897
507123,17.6,80.3333
507124,17.6,80.3333
507152,17.6,80.3333
507154,17.6,80.3333
507157,17.6,80.3333
507165,17.6,80.3333
507167,17.6,80.3333
507168,17.6,80.3333
507170,17.6,80.3333
507201,17.4333,80.675
507202,17.4333,80.675
507203,17.4333,80.675
507206,17.4333,80.675
507209,17.2,80.55
507213,17.4333,80.675
507305,17.2667,81.0167
507306,17.2667,81.0167
508001,17.1084,79.1517
508105,17.4419,78.3883
508111,17.4419,78.3883
508112,17.4419,78.3883
508115,17.4419,78.3883
508116,17.4419,78.3883
508126,17.4419,78.3883
508202,17.1667,79.4333
508206,17.1667,79.4333
508207,17.1667,79.4333
508211,17.1667,79.4333
508213,17.1667,79.4333
508214,17.1667,79.4333
508234,17.1667,79.4333
508248,17.1667,79.4333
508278,17.1667,79.4333
508286,17.1667,79.4333
508288,17.1667,79.4333
508296,17.1667,79.4333
508332,16.7167,79.6333
508346,16.7167,79.6333
508347,16.7167,79.6333
508350,16.7167,79.6333
508353,16.7167,79.6333
508355,16.7167,79.6333
508367,16.7167,79.6333
508373,16.7167,79.6333
508374,16.7167,79.6333
508375,16.7167,79.6333
509001,17.044,78.9628
509002,17.044,78.9628
509103,16.7831,78.5394
509110,17.6997,78.5592
509113,17.6997,78.5592
509115,17.6669,78.1972
509116,17.7325,78.9211
509117,17.6997,78.5592
509125,14.95,78.5
509126,14.95,78.5
509127,14.95,78.5
509129,14.95,78.5
509135,16.7831,78.5394
509137,16.7831,78.5394
509141,16.7831,78.5394
509143,16.7831,78.5394
509144,16.7831,78.5394
509147,16.7831,78.5394
509151,16.7831,78.5394
509153,16.7831,78.5394
509155,16.7831,78.5394
509171,16.7831,78.5394
509202,16.65,77.6667
509204,16.65,77.6667
509205,16.65,77.6667
509209,16.65,77.6667
509211,17.2067,78.34
509215,17.2067,78.34
509218,17.2292,78.2903
509226,17.5283,79.7533
509227,17.5283,79.7533
509242,19.05,84.6667
509307,16.65,77.5167
509311,16.65,77.5167
509323,16.65,77.5167
509324,16.65,77.5167
509325,16.65,77.5167
509327,16.65,77.5167
509328,16.65,77.5167
509334,16.65,77.5167
509343,16.65,77.5167
509347,16.65,77.5167
509349,16.65,77.5167
509350,17.0667,77.65
509353,16.65,77.5167
509358,16.65,77.5167
509375,16.65,77.5167
509376,16.65,77.5167
509383,16.65,77.5167
509401,16.2833,78.5167
509407,16.2833,78.5167
509409,16.2833,78.5167
509413,16.2833,78.5167
509416,16.2833,78.5167
509431,16.2833,78.5167
515001,14.3447,77.8319
515005,14.3447,77.8319
515201,14.3447,77.8319
515202,14.3447,77.8319
515212,14.3447,77.8319
515232,14.3447,77.8319
515282,14.3447,77.8319
515286,14.3447,77.8319
515301,13.9369,77.2694
515303,13.9369,77.2694
515306,13.9369,77.2694
515311,13.8762,77.4354
515331,13.8156,77.6014
515332,13.8156,77.6014
515404,14.3,77.65
515408,15.05,77.8833
515411,14.6833,77.8722
515412,14.6833,77.8722
515419,14.6833,77.8722
515456,14.6833,77.8722
515458,14.6833,77.8722
515465,14.7,78.0833
515551,14.0944,78.2056
515561,14.0944,78.2056
515571,13.9167,78.1833
515581,14.25,78.2667
515591,14.1167,78.1667
515631,14.3447,77.8319
515661,14.3447,77.8319
515701,14.3447,77.8319
515712,14.3447,77.8319
515761,14.3447,77.8319
515762,14.3447,77.8319
515774,14.3447,77.8319
515801,15.0167,77.3833
515803,15.0167,77.3833
515812,15.0167,77.3833
515813,15.0167,77.3833
515832,15.0167,77.3833
515834,15.0167,77.3833
515844,15.0167,77.3833
515862,15.0167,77.3833
515867,15.0167,77.3833
515872,15.0167,77.3833
516001,14.5917,78.9389
516004,14.5917,78.9389
516005,14.5917,78.9389
516108,14.7917,79.8917
516113,14.2333,79.7333
516114,14.2333,79.7333
516115,14.2333,79.7333
516118,14.2333,79.7333
516119,14.2333,79.7333
516120,14.7917,79.8917
516130,14.7917,79.8917
516133,14.7917,79.8917
516134,14.7917,79.8917
516151,15.35,80.05
516173,14.7917,79.8917
516215,14.3917,78.775
516217,14.3917,78.775
516227,14.75,79.05
516247,14.3917,78.775
516257,14.3917,78.775
516259,14.3917,78.775
516260,14.0333,78.5
516267,14.0333,78.5
516268,14.0333,78.5
516271,14.3917,78.775
516290,14.3917,78.775
516293,14.3917,78.775
516309,14.4833,78.1333
516311,14.4833,78.1333
516321,14.4833,78.1333
516329,14.4833,78.1333
516330,14.4833,78.1333
516350,14.4833,78.1333
516356,14.4833,78.1333
516361,14.4833,78.1333
516365,14.4833,78.1333
516366,14.4833,78.1333
516396,14.4833,78.1333
516421,14.7,78.1667
516432,14.7,78.1667
516434,14.7,78.1667
516437,14.7,78.1667
516441,14.7,78.1667
516464,14.7,78.1667
516474,14.7,78.1667
516484,14.7,78.1667
517001,13.8183,78.91
517002,13.8183,78.91
517101,13.5833,79.0889
517112,13.4667,79.1167
517113,13.5667,79
517115,13.5167,79.0583
517130,13.5833,79.0889
517135,13.5833,79.0889
517139,13.5833,79.0889
517141,13.5833,79.0889
517148,13.5833,79.0889
517151,13.5833,79.0889
517152,13.5833,79.0889
517160,13.5833,79.0889
517163,13.5833,79.0889
517165,13.5833,79.0889
517194,13.7167,79.15
517196,13.7167,79.15
517197,13.7167,79.15
517215,14.25,78.2667
517217,13.7,78.7444
517234,13.6333,78.8
517236,13.8167,78.8
517239,13.725,78.8
517240,13.7,78.7444
517250,13.7,78.7444
517299,13.65,78.6333
517301,13.55,78.5
517319,13.55,78.5
517325,13.55,78.5
517327,13.55,78.5
517408,13.8183,78.91
517415,13.8183,78.91
517416,13.8183,78.91
517422,13.8183,78.91
517501,14.55,78.75
517502,14.55,78.75
517503,14.55,78.75
517507,14.55,78.75
517516,14.55,78.75
517520,14.55,78.75
517541,14.55,78.75
517561,14.55,78.75
517567,14.55,78.75
517569,14.55,78.75
517589,15.7667,77.9167
517590,13.3333,79.5833
517592,13.3333,79.5833
517619,13.6833,79.6
517620,13.6833,79.6
518002,15.3333,77.9381
518011,15.3333,77.9381
518017,15.3333,77.9381
518018,15.3333,77.9381
518122,15.2167,78.1167
518124,15.2167,78.1167
518157,15.1917,78.2083
518165,15.1667,78.3
518186,15.1917,78.2083
518206,15.3333,77.9381
518220,15.3333,77.9381
518225,15.3333,77.9381
518301,15.9083,77.2417
518302,15.9083,77.2417
518333,15.8833,77.1333
518346,15.9333,77.35
518348,15.9333,77.35
518349,15.9333,77.35
518350,15.9083,77.2417
518360,15.9083,77.2417
518382,15.9083,77.2417
518385,15.9083,77.2417
518465,15.5333,77.55
518470,15.5333,77.55
518510,14.6333,78.5333
518523,14.8,78.5583
518543,14.8,78.5583
518553,14.9667,78.5833
518573,14.8,78.5583
518583,14.8,78.5583
518669,15.3333,77.9381
520001,15.8677,80.4563
520003,15.8677,80.4563
520004,15.8677,80.4563
520006,15.8677,80.4563
520011,15.8677,80.4563
520050,15.8677,80.4563
521001,16.5056,80.9111
521003,16.5056,80.9111
521101,15.95,80.9167
521102,15.95,80.9167
521104,15.95,80.9167
521105,15.95,80.9167
521109,15.95,80.9167
521110,15.95,80.9167
521120,15.95,80.9167
521123,15.95,80.9167
521124,15.95,80.9167
521126,15.95,80.9167
521131,15.95,80.9167
521144,15.95,80.9167
521148,15.95,80.9167
521155,15.95,80.9167
521171,15.95,80.9167
521182,15.95,80.9167
521214,16.5056,80.9111
521226,16.5056,80.9111
521250,16.5056,80.9111
521301,16.5833,81.3
521311,16.5833,81.3
521321,16.5833,81.3
521327,16.5833,81.3
521333,16.5833,81.3
521338,18.3333,84.1167
521340,16.5833,81.3
521344,16.5833,81.3
521372,16.5833,81.3
521402,16.9833,80.5167
521403,16.9833,80.5167
522001,16.3375,80.3083
522002,16.3375,80.3083
522003,16.3375,80.3083
522004,16.3375,80.3083
522005,16.3375,80.3083
522007,16.3375,80.3083
522008,16.3375,80.3083
522010,16.3375,80.3083
522015,16.3375,80.3083
522016,16.3375,80.3083
522017,16.3375,80.3083
522021,16.3375,80.3083
522026,16.3375,80.3083
522034,16.3375,80.3083
522050,16.3375,80.3083
522101,16.3375,80.3083
522112,16.3375,80.3083
522125,16.3375,80.3083
522201,16.2,80.6
522202,16.2,80.6
522213,16.2,80.6
522233,16.4167,80.45
522234,16.4167,80.45
522236,16.4167,80.45
522260,15.9833,80.75
522263,15.9833,80.75
522265,15.9833,80.75
522266,15.9833,80.75
522268,17.1842,78.3897
522273,16.2,80.6
522280,16.2,80.6
522290,16.2,80.6
522296,16.2,80.6
522297,16.2,80.6
522308,16.3375,80.3083
522311,16.3375,80.3083
522315,16.3375,80.3083
522318,16.3375,80.3083
522340,16.3375,80.3083
522403,16.4833,79.4333
522407,16.4833,79.4333
522413,16.4833,79.4333
522426,16.4833,79.4333
522501,16.4667,80.6
522503,16.4667,80.6
522508,16.4667,80.6
522510,16.4667,80.6
522511,16.4667,80.6
522601,16.3375,80.3083
522608,18.3333,84.1167
522615,16.3375,80.3083
522630,16.3375,80.3083
522658,16.3375,80.3083
522663,16.3375,80.3083
523001,15.6917,79.5083
523002,15.6917,79.5083
523104,15.6917,79.5083
523114,15.6917,79.5083
523165,15.6917,79.5083
523166,15.6917,79.5083
523181,15.6917,79.5083
523183,15.6917,79.5083
523186,15.6917,79.5083
523190,15.6917,79.5083
523194,15.6917,79.5083
523201,15.9167,80.05
523211,15.9167,80.05
523216,15.9167,80.05
523226,15.9167,80.05
523227,15.9167,80.05
523247,15.9167,80.05
523253,15.9167,80.05
523260,15.9167,80.05
523263,15.9167,80.05
523264,15.9167,80.05
523269,15.9167,80.05
523272,15.9167,80.05
523274,15.35,80.05
523277,15.9167,80.05
523279,15.9167,80.05
523280,15.9167,80.05
523290,15.9167,80.05
523292,15.9167,80.05
523297,15.9167,80.05
523315,15.4667,78.9667
523327,15.4667,78.9667
523356,15.4667,78.9667
523368,15.4667,78.9667
524001,18.4,82.4333
524002,18.4,82.4333
524003,18.4,82.4333
524101,14.0333,79.7167
524127,14.0333,79.7167
524129,14.0333,79.7167
524131,14.0333,79.7167
524132,14.0333,79.7167
524152,14.0333,79.7167
524202,14.85,79.5083
524221,14.85,79.5083
524223,14.85,79.5083
524224,14.8333,79.7
524226,14.8667,79.3167
524227,14.85,79.5083
524308,14.6,79.75
524314,18.35,84.1167
524317,18.35,84.1167
524319,18.35,84.1167
524322,18.35,84.1167
524329,18.35,84.1167
524343,18.35,84.1167
524401,13.5833,80.0333
524404,13.5833,80.0333
524409,13.5833,80.0333
524410,13.575,79.5167
524415,13.575,79.5167
524441,13.5667,79
530001,17.7375,82.8347
530002,17.7375,82.8347
530004,17.7375,82.8347
530005,17.7375,82.8347
530007,17.7375,82.8347
530009,17.7375,82.8347
530013,17.7375,82.8347
530014,17.7375,82.8347
530016,17.7375,82.8347
530017,17.7375,82.8347
530019,17.7375,82.8347
530020,17.7375,82.8347
530022,17.7375,82.8347
530024,17.7375,82.8347
530026,17.7375,82.8347
530027,17.7375,82.8347
530030,17.7375,82.8347
530039,17.7375,82.8347
531001,17.78,82.79
531002,17.78,82.79
531011,17.78,82.79
531024,18.0833,82.6667
531026,17.85,82.8833
531027,17.9167,82.8
531030,17.78,82.79
531055,17.55,82.8667
531060,17.78,82.79
531075,17.78,82.79
531081,17.5,82.7333
531082,17.5,82.7333
531091,18.3333,84.1167
531133,17.825,82.8694
531161,17.825,82.8694
531201,18.05,83.2667
531202,18.05,83.2667
531211,18.05,83.2667
531214,18.05,83.2667
531250,18.05,83.2667
531270,18.05,83.2667
532001,18.6896,84.0292
532101,18.6896,84.0292
532124,18.6896,84.0292
532127,18.6896,84.0292
532137,18.6896,84.0292
532221,18.7667,84.4167
532243,18.825,84.5
532263,18.8833,84.5833
532264,18.8833,84.5833
532265,18.8833,84.5833
532312,19.1167,84.7
532406,18.65,83.7667
532407,18.65,83.7667
532425,18.65,83.7667
532432,18.65,83.7667
532440,18.6,83.75
532456,18.6667,83.95
532458,18.6667,83.95
532459,18.6667,83.95
532460,18.6833,83.6
532557,18.4,83.6167
532581,18.4,83.6167
532591,18.4,83.6167
532592,18.4667,83.1167
532599,18.3333,84.1167
532663,18.3333,84.1167
533001,17.0222,82.1028
533002,17.0222,82.1028
533003,17.0222,82.1028
533004,17.0222,82.1028
533006,17.0222,82.1028
533007,17.0222,82.1028
533101,17.0222,82.1028
533103,17.0222,82.1028
533105,17.0222,82.1028
533124,17.0222,82.1028
533126,17.0222,82.1028
533201,16.825,82
533202,16.825,82
533213,16.825,82
533216,16.825,82
533221,16.5667,82.1
533226,16.5667,82.1
533227,16.5667,82.1
533228,16.5667,82.1
533234,16.825,82
533240,16.825,82
533247,17.1842,78.3897
533251,16.825,82
533255,16.825,82
533263,16.825,82
533285,16.825,82
533294,17.0833,81.9
533333,17.0222,82.1028
533339,17.0222,82.1028
533428,17.4833,82.0167
533429,17.4833,82.0167
533435,17.1833,82.05
533436,17.1833,82.05
533440,17.0833,82.3333
533448,17.0833,82.3333
533463,16.7333,82.2167
533464,16.7333,82.2167
533503,17.0222,82.1028
533541,17.0222,82.1028
533583,17.0222,82.1028
534001,16.775,81.4917
534003,16.775,81.4917
534005,16.775,81.4917
534006,16.775,81.4917
534015,16.775,81.4917
534101,16.65,81.4667
534102,16.65,81.4667
534112,16.65,81.4667
534123,16.65,81.4667
534136,16.65,81.4667
534145,15.9333,77.35
534186,16.65,81.4667
534196,18.3333,84.1167
534198,16.7,81.4667
534199,16.6,81.4667
534211,16.775,81.4917
534217,16.775,81.4917
534236,16.775,81.4917
534237,16.775,81.4917
534250,16.775,81.4917
534260,16.775,81.4917
534261,16.775,81.4917
534268,16.775,81.4917
534275,16.775,81.4917
534291,16.775,81.4917
534301,16.9833,81.6667
534302,16.9833,81.6667
534305,16.9833,81.6667
534313,16.9833,81.6667
534331,16.9833,81.6667
534341,16.9833,81.6667
534342,16.9833,81.6667
534390,16.9833,81.6667
534416,16.8167,81.3667
534429,16.8167,81.3667
534437,16.8167,81.3667
534447,16.8167,81.3667
534451,16.8167,81.3667
534462,16.8167,81.3667
560001,12.2667,76.6833
560002,12.2667,76.6833
560003,12.2667,76.6833
560004,12.2667,76.6833
560005,12.2667,76.6833
560007,12.2667,76.6833
560008,12.2667,76.6833
560009,12.2667,76.6833
560010,13.0333,77.55
560011,13.0333,77.55
560013,13.0333,77.55
560014,13.0333,77.55
560015,13.0333,77.55
560016,13.0333,77.55
560017,13.0333,77.55
560018,13.0333,77.55
560020,13.0499,77.1594
560021,13.0499,77.1594
560023,13.0499,77.1594
560024,13.0499,77.1594
560025,13.0499,77.1594
560026,13.0499,77.1594
560027,13.0499,77.1594
560029,13.0499,77.1594
560030,13.0499,77.1594
560032,13.0499,77.1594
560035,13.0499,77.1594
560037,13.0499,77.1594
560038,13.0499,77.1594
560040,13.0499,77.1594
560041,13.0499,77.1594
560042,13.0499,77.1594
560045,13.0499,77.1594
560046,13.0499,77.1594
560047,13.0499,77.1594
560048,13.0499,77.1594
560049,13.0499,77.1594
560050,13.0499,77.1594
560051,13.0499,77.1594
560052,13.0499,77.1594
560057,13.0499,77.1594
560058,13.0499,77.1594
560059,13.0499,77.1594
560063,13.1075,77.6003
560064,13.1075,77.6003
560065,13.1075,77.6003
560066,13.1075,77.6003
560067,13.1075,77.6003
560069,13.1075,77.6003
560070,13.0499,77.1594
560072,13.0499,77.1594
560073,13.0499,77.1594
560078,13.0499,77.1594
560079,13.0499,77.1594
560080,13.7919,76.8042
560081,13.7919,76.8042
560082,13.7919,76.8042
560084,13.7919,76.8042
560086,13.7919,76.8042
560087,13.7919,76.8042
560097,13.0499,77.1594
561201,13.9424,77.5299
561202,14.1,77.2667
561206,13.9424,77.5299
561207,13.7847,77.7931
561212,13.9424,77.5299
561216,13.9424,77.5299
561217,13.9424,77.5299
561225,13.9424,77.5299
561227,13.9424,77.5299
562103,13.3847,77.6933
562108,13.3847,77.6933
562110,13.3333,77.65
562118,13.3333,77.65
562120,13.2655,77.7687
562122,13.2655,77.7687
562130,13.2936,77.8017
562134,13.2936,77.8017
562135,13.2936,77.8017
562144,13.2658,77.8483
562145,13.2658,77.8483
562149,13.2658,77.8483
562151,13.05,77.85
562154,13.05,77.85
563115,13.2,78.0167
563117,13.2,78.0167
563119,13.2,78.0167
563120,13.2,78.0167
563121,13.2,78.0167
563126,13.2,78.0167
563128,13.2,78.0167
563131,13.2,78.0167
563136,13.2,78.0167
563137,13.2,78.0167
563138,13.2,78.0167
563157,13.2,78.0167
565277,13.301,77.5465
570001,13.3666,76.171
570004,13.3666,76.171
570006,13.3666,76.171
570007,13.3666,76.171
570008,13.3666,76.171
570009,13.3666,76.171
570010,13.3666,76.171
570011,13.3666,76.171
570013,13.3666,76.171
570014,13.3666,76.171
570018,13.3666,76.171
570019,13.3666,76.171
570020,13.3666,76.171
570024,13.3666,76.171
571110,12.0889,76.7911
571114,12.0889,76.7911
571117,12.0889,76.7911
571119,12.0889,76.7911
571120,12.2381,76.7278
571122,12.2381,76.7278
571124,12.2381,76.7278
571125,12.2381,76.7278
571138,12.2381,76.7278
571143,12.3872,76.6644
571147,12.3872,76.6644
571149,12.3872,76.6644
571155,12.2381,76.7278
571166,12.2381,76.7278
571167,12.2381,76.7278
571172,12.2381,76.7278
571174,12.2381,76.7278
571178,12.2381,76.7278
571201,12.9044,76.3917
571218,12.9044,76.3917
571220,12.9044,76.3917
571221,12.9044,76.3917
571222,12.9044,76.3917
571247,12.9044,76.3917
571251,12.9044,76.3917
571258,12.9044,76.3917
571266,12.9044,76.3917
571269,12.9044,76.3917
571272,12.9044,76.3917
571273,12.9044,76.3917
571311,12.1944,76.6631
571313,12.1944,76.6631
571319,12.1944,76.6631
571321,12.129,76.7844
571325,12.129,76.7844
571326,12.129,76.7844
571327,12.129,76.7844
571329,12.129,76.7844
571333,12.0636,76.9058
571334,12.0636,76.9058
571335,12.0636,76.9058
571339,12.0636,76.9058
571404,12.2332,76.8562
571405,12.2332,76.8562
571406,12.2332,76.8562
571421,11.7667,76.5667
571426,11.7667,76.5667
571428,11.7667,76.5667
571429,11.7667,76.5667
571432,12.8156,76.7575
571434,12.5006,76.6733
571435,12.6581,76.7154
571441,12.0667,77.0333
571444,12.0667,77.0333
571445,12.0667,77.0333
571456,12.2332,76.8562
571458,12.2332,76.8562
571460,12.2332,76.8562
571461,12.2332,76.8562
571472,12.0167,77.25
571473,12.0167,77.25
571477,12.0167,77.25
571479,12.0167,77.25
571484,12.2332,76.8562
571485,12.2332,76.8562
571488,12.2332,76.8562
571490,12.2332,76.8562
571495,12.2332,76.8562
571501,12.7167,77.3
571511,12.7167,77.3
571604,12.3201,76.8179
571614,12.3201,76.8179
571801,12.3201,76.8179
571803,12.3201,76.8179
571805,12.3201,76.8179
571809,12.3201,76.8179
572101,13.6417,76.9293
572112,13.6811,77.0658
572116,13.6811,77.0658
572124,13.6417,76.9293
572130,13.6417,76.9293
572132,13.6606,77.2092
572134,13.6417,76.9293
572135,13.6417,76.9293
572136,13.6417,76.9293
572139,13.6417,76.9293
572140,13.3406,77.2303
572141,13.3406,77.2303
572142,13.3406,77.2303
572145,13.3406,77.2303
572149,13.3406,77.2303
572150,13.6417,76.9293
572152,13.6417,76.9293
572154,13.6417,76.9293
572159,13.6417,76.9293
572160,13.9033,76.4917
572161,13.9033,76.4917
572162,13.9033,76.4917
572164,13.9033,76.4917
572169,13.9033,76.4917
572171,13.6417,76.9293
572173,13.6417,76.9293
572201,13.5225,76.7483
572202,13.5225,76.7483
572213,13.5225,76.7483
572215,13.5225,76.7483
572219,13.5225,76.7483
572225,13.5225,76.7483
572232,13.5225,76.7483
572234,13.5225,76.7483
572239,13.5225,76.7483
572240,13.5225,76.7483
573111,13.1531,76.3067
573116,13.1531,76.3067
573119,13.1531,76.3067
573121,13.3033,76.0597
573125,13.3033,76.0597
573126,13.3033,76.0597
573127,13.3033,76.0597
573129,13.3033,76.0597
573132,12.964,76.0939
573133,12.964,76.0939
573134,12.964,76.0939
573140,12.6908,76.0842
573146,12.6908,76.0842
573151,12.5167,75.8
573152,12.5167,75.8
573157,12.5167,75.8
573160,13.1561,76.2189
573162,13.1561,76.2189
573201,12.8696,76.1717
573210,12.6558,76.26
573216,12.8696,76.1717
573218,12.8696,76.1717
573219,13.0833,76.0833
573221,12.8696,76.1717
574101,12.8,74.85
574102,12.8,74.85
574106,12.8,74.85
574111,12.8,74.85
574112,12.8,74.85
574115,12.8,74.85
574117,12.8,74.85
574118,12.8,74.85
574122,12.8,74.85
574123,12.8,74.85
574128,12.8,74.85
574131,12.8,74.85
574138,12.8,74.85
574140,12.8,74.85
574141,12.8,74.85
574143,12.8,74.85
574144,12.8,74.85
574146,12.8,74.85
574159,12.8,74.85
574160,12.8,74.85
574165,12.8,74.85
574178,12.8,74.85
574184,12.8,74.85
574192,12.8,74.85
574195,12.8,74.85
574202,14.2467,76.2933
574220,14.2467,76.2933
574221,14.2467,76.2933
574224,14.2467,76.2933
574231,12.6833,75.4833
574232,12.6833,75.4833
574234,12.6833,75.4833
574240,16.1917,77.8333
574241,16.1917,77.8333
574242,13.0167,75.1333
574244,19.3667,80.5333
574245,16.1917,77.8333
574246,16.1917,77.8333
574252,14.2467,76.2933
574255,14.2467,76.2933
574259,14.2467,76.2933
574260,14.2467,76.2933
574275,13.1167,74.9167
574276,13.1167,74.9167
574277,13.1167,74.9167
574278,13.1167,74.9167
574283,14.2467,76.2933
574286,14.2467,76.2933
574289,14.2467,76.2933
574290,13.05,75.4
574294,13.05,75.4
574295,13.05,75.4
574296,13.05,75.4
574301,14.0056,76.0528
574302,14.0056,76.0528
574304,14.0056,76.0528
574315,14.0056,76.0528
574318,14.0056,76.0528
574319,14.0056,76.0528
574334,14.0056,76.0528
574501,14.0056,76.0528
574502,14.1,75.8833
574507,14.0056,76.0528
574508,14.0056,76.0528
575001,13.3666,76.171
575002,13.3666,76.171
575003,13.3666,76.171
575004,13.3666,76.171
575007,13.3666,76.171
575009,13.3666,76.171
575010,13.3666,76.171
575011,13.3666,76.171
576101,13.25,74.75
576103,13.25,74.75
576104,13.25,74.75
576122,13.25,74.75
576123,13.25,74.75
576126,13.25,74.75
576128,13.25,74.75
576135,13.25,74.75
576136,13.25,74.75
576138,13.25,74.75
576142,13.25,74.75
576144,13.25,74.75
576146,13.25,74.75
576150,13.25,74.75
576201,13.675,74.7083
576214,13.65,74.6667
576216,13.65,74.6667
576225,13.675,74.7083
576230,13.7,74.75
576231,13.7,74.75
576232,13.7,74.75
576233,13.7,74.75
576236,13.7,74.75
576243,13.675,74.7083
576248,13.675,74.7083
576250,13.675,74.7083
576252,13.675,74.7083
576260,13.675,74.7083
576262,13.675,74.7083
576263,13.675,74.7083
576266,13.675,74.7083
576271,13.675,74.7083
576275,13.675,74.7083
576276,13.675,74.7083
577001,14.4667,75.9167
577002,14.4667,75.9167
577003,14.4667,75.9167
577004,14.4667,75.9167
577115,13.2667,75.7167
577117,13.2667,75.7167
577122,13.2667,75.7167
577123,13.2667,75.7167
577128,13.2667,75.7167
577134,13.2667,75.7167
577135,13.2667,75.7167
577140,13.2667,75.7167
577147,13.2667,75.7167
577154,13.2667,75.7167
577155,13.2667,75.7167
577156,13.2667,75.7167
577159,13.2667,75.7167
577160,13.2667,75.7167
577164,13.2667,75.7167
577168,13.2667,75.7167
577169,13.2667,75.7167
577174,13.2667,75.7167
577175,13.2667,75.7167
577177,13.2667,75.7167
577201,13.9083,75.85
577202,13.9083,75.85
577213,13.9083,75.85
577221,14.1,75.8833
577228,13.7167,75.8167
577234,13.9083,75.85
577236,13.9083,75.85
577246,13.9083,75.85
577301,14.0746,75.8228
577303,14.0746,75.8228
577401,14.0458,75.1917
577411,14.5833,75.0667
577415,14.5833,75.0667
577419,14.5833,75.0667
577425,13.8333,75.0167
577434,14.0458,75.1917
577435,14.0458,75.1917
577437,14.0458,75.1917
577444,14.1667,74.85
577447,13.8833,75.3417
577501,14.2473,76.3193
577511,14.2473,76.3193
577514,14.2473,76.3193
577515,14.2473,76.3193
577522,14.3167,76.65
577525,14.3667,75.9
577528,14.5333,76.35
577537,14.2473,76.3193
577538,14.2473,76.3193
577539,14.2473,76.3193
577540,14.01,76.3482
577543,14.4667,76.6833
577547,14.01,76.3482
577548,13.5533,76.0131
577558,14.2473,76.3193
577560,14.2473,76.3193
577565,14.2473,76.3193
577567,14.2473,76.3193
577569,14.2473,76.3193
577571,14.2473,76.3193
577572,14.2473,76.3193
577575,14.2473,76.3193
577580,14.2473,76.3193
577585,14.2473,76.3193
577587,14.2473,76.3193
577590,14.2473,76.3193
577593,14.2473,76.3193
577601,14.0746,75.8228
577602,14.0746,75.8228
580001,16.2928,76.0442
580008,16.2928,76.0442
580020,16.2928,76.0442
580024,16.2928,76.0442
580211,16.2928,76.0442
580212,16.2928,76.0442
580215,16.2928,76.0442
581101,14.7667,75.25
581105,15.5833,74.95
581128,15.175,75.1
581129,15.175,75.1
581132,15.175,75.1
581134,15.175,75.1
581137,15.175,75.1
581142,15.175,75.1
581145,15.175,75.1
581146,15.175,75.1
581153,15.175,75.1
581156,15.175,75.1
581157,15.175,75.1
581160,15.175,75.1
581163,15.175,75.1
581174,15.175,75.1
581175,15.175,75.1
581179,15.175,75.1
581183,15.175,75.1
581190,15.175,75.1
581206,15.1333,75.1167
581208,15.1333,75.1167
581212,15.1333,75.1167
581214,15.1333,75.1167
581227,15.1333,75.1167
581228,15.1333,75.1167
581230,15.1333,75.1167
581231,15.1333,75.1167
581232,15.1333,75.1167
581233,15.1333,75.1167
581234,15.1333,75.1167
581302,15.0567,74.4767
581304,15.0567,74.4767
581306,15.0567,74.4767
581323,15.1611,74.5389
581325,15.2667,74.6167
581328,14.8833,74.2333
581329,15.3333,74.7667
581337,14.9,74.6667
581344,14.9,74.1
581345,14.9,74.1
581352,15.0567,74.4767
581357,15.0567,74.4767
581358,15.0567,74.4767
581362,15.0567,74.4767
581365,15.0567,74.4767
581368,15.0567,74.4767
581372,15.0567,74.4767
581374,15.0567,74.4767
581376,15.0567,74.4767
581377,15.0567,74.4767
581379,15.0567,74.4767
581381,15.0567,74.4767
581389,15.0567,74.4767
581390,15.0567,74.4767
581393,15.0567,74.4767
581394,15.0567,74.4767
581401,14.5917,74.375
581413,14.6667,74.4
581421,14.5917,74.375
581422,14.5917,74.375
581428,14.5917,74.375
581429,14.5917,74.375
581436,14.5167,74.35
581437,14.5167,74.35
581441,14.5917,74.375
581443,14.5917,74.375
581448,14.5917,74.375
581449,14.5917,74.375
582101,15.3875,75.7333
582102,15.3875,75.7333
582111,15.3875,75.7333
582113,15.3,75.7667
582114,15.7333,75.9833
582115,15.3833,75.7167
582116,15.1333,75.4667
582127,15.3875,75.7333
582128,15.3875,75.7333
582142,15.3875,75.7333
582143,15.3875,75.7333
582146,15.3875,75.7333
582207,15.3875,75.7333
582216,15.3875,75.7333
582227,15.3875,75.7333
582228,15.3875,75.7333
582230,15.3875,75.7333
582241,15.3875,75.7333
582243,15.3875,75.7333
583101,15.3167,76.7167
583102,15.3167,76.7167
583111,15.1,76.55
583112,15.1,76.55
583113,15.1,76.55
583119,15.1,76.55
583121,15.5333,76.8833
583122,15.5333,76.8833
583129,15.5333,76.8833
583135,15.3167,76.7167
583136,15.3167,76.7167
583137,15.3167,76.7167
583138,15.3167,76.7167
583140,15.3167,76.7167
583146,15.3167,76.7167
583147,15.3167,76.7167
583148,15.3167,76.7167
583212,15.3417,76.5167
583213,15.3417,76.5167
583220,15.3417,76.5167
583223,15.25,76.5
583224,15.3417,76.5167
583227,15.4333,76.5333
583231,15.3417,76.5167
583235,15.3417,76.5167
583236,15.3417,76.5167
583238,15.3417,76.5167
583245,15.3417,76.5167
583251,15.3417,76.5167
583256,15.3417,76.5167
583258,15.3417,76.5167
583260,15.3417,76.5167
583265,15.3417,76.5167
583269,15.3417,76.5167
584101,16.1583,76.8583
584102,16.1583,76.8583
584111,16.1583,76.8583
584113,16.1583,76.8583
584116,16.1583,76.8583
584117,16.1583,76.8583
584122,16.1583,76.8583
584131,16.1583,76.8583
584143,16.1583,76.8583
584144,16.1583,76.8583
584148,16.1583,76.8583
584154,16.05,76.8833
584155,16.1583,76.8583
584156,16.2667,76.8333
584160,16.1583,76.8583
584165,16.1583,76.8583
584201,16.1583,76.8583
585103,17.78,77.2008
585201,19.2889,76.65
585202,19.2889,76.65
585212,23.8667,75.9833
585218,16.9333,76.9833
585221,17.0667,76.9833
585225,17.0667,76.9833
585239,19.2889,76.65
585240,19.2889,76.65
585248,19.2889,76.65
585249,19.2889,76.65
585250,19.2889,76.65
585253,19.2889,76.65
585255,19.2889,76.65
585260,19.2889,76.65
585264,19.2889,76.65
585265,19.2889,76.65
585271,19.2889,76.65
585273,19.2889,76.65
585274,19.2889,76.65
585276,19.2889,76.65
585278,19.2889,76.65
585280,19.2889,76.65
585282,19.2889,76.65
585284,19.2889,76.65
585291,19.2889,76.65
585301,17.2,76.35
585305,17.2,76.35
585308,17.2,76.35
585311,15.5969,77.0629
585315,13.6606,77.2092
585316,17.5333,76.9167
585319,15.5969,77.0629
585321,16.8667,76.5333
585323,16.8667,76.5333
585325,16.8667,76.5333
585331,17.0833,76.8
585335,17.0833,76.8
585336,17.0833,76.8
585337,17.0833,76.8
585343,18.5833,78.9167
585344,17.1833,77.1
585345,18.5833,78.9167
585349,19.9833,80.7333
585352,17.0729,77.3775
585354,17.0729,77.3775
585358,17.0729,77.3775
585363,17.0729,77.3775
585366,17.0729,77.3775
585372,17.0729,77.3775
585374,17.0729,77.3775
585375,17.0729,77.3775
585377,17.0729,77.3775
585378,17.0729,77.3775
585403,17.9917,77.4083
585413,17.9833,77.3333
585414,17.9833,77.3333
585415,17.9833,77.3333
585423,18,77.4833
585431,17.9917,77.4083
585436,17.9917,77.4083
585441,17.9917,77.4083
585442,17.9917,77.4083
586102,16.7095,76.0762
586111,17.3167,76.0667
586113,17.3167,76.0667
586124,16.2167,76.1
586129,16.2167,76.1
586134,16.1,76.3167
586141,16.8667,76.35
586143,16.8667,76.35
586144,16.8667,76.35
586152,16.7167,75.8833
586153,16.8167,75.95
586154,16.7667,75.9167
586158,16.7667,75.9167
586161,16.9333,75.8667
586162,16.9333,75.8667
586163,16.9333,75.8667
586164,16.9333,75.8667
586205,16.9222,76.0056
586206,16.9222,76.0056
586207,16.9222,76.0056
586209,16.9222,76.0056
586211,17.0583,76
586214,17.0583,76
586215,16.9833,75.9833
586217,17.1333,76.0167
586220,16.9222,76.0056
586222,16.9222,76.0056
586228,16.9222,76.0056
586235,16.65,76.0167
586236,16.65,76.0167
586237,16.65,76.0167
586247,16.9222,76.0056
587101,15.7583,75.625
587102,15.7583,75.625
587103,15.7583,75.625
587117,15.7583,75.625
587122,16.1667,75.35
587125,16.1667,75.35
587134,16.3333,75.4833
587138,16.3333,75.4833
587141,16.2,76.05
587143,14.3333,75.6167
587144,15.2667,75.8333
587148,15.2667,75.8333
587201,15.9067,75.51
587210,15.9067,75.51
587211,15.9067,75.51
587301,16.5,75.05
587302,16.5,75.05
587312,16.5,75.05
587314,16.5,75.05
587315,16.5,75.05
587316,16.5,75.05
587325,16.5,75.05
587326,16.5,75.05
587329,16.5,75.05
590002,16.1727,74.8924
590003,16.1727,74.8924
590005,16.1727,74.8924
590006,16.1727,74.8924
591102,15.8767,74.9133
591108,15.8767,74.9133
591112,15.8767,74.9133
591116,15.8767,74.9133
591120,15.5833,74.5833
591122,15.8056,74.7389
591123,15.8056,74.7389
591124,15.8667,74.6167
591125,15.8056,74.7389
591128,15.8056,74.7389
591129,15.9667,75.0167
591130,16.2333,75.1667
591131,16.2333,75.1667
591136,16.2333,75.1667
591140,15.8767,74.9133
591141,15.8767,74.9133
591142,15.8767,74.9133
591143,15.8767,74.9133
591146,15.8767,74.9133
591147,15.8767,74.9133
591149,15.8767,74.9133
591154,15.8767,74.9133
591155,15.8767,74.9133
591162,15.8767,74.9133
591163,15.8767,74.9133
591164,15.8767,74.9133
591169,15.8767,74.9133
591176,15.8767,74.9133
591181,15.8767,74.9133
591196,15.7333,75.1833
591219,16.61,74.9467
591222,16.61,74.9467
591232,16.5667,74.55
591238,16.5667,74.55
591239,16.5667,74.55
591243,16.75,75.2333
591244,16.75,75.2333
591245,16.75,75.2333
591248,16.75,75.2333
591249,16.75,75.2333
591253,16.3167,74.6
591254,16.3167,74.6
591256,16.3167,74.6
591261,16.6167,75.0167
591265,16.8,75.3333
591266,16.7083,75.175
591267,16.7083,75.175
591273,16.61,74.9467
591279,16.61,74.9467
591280,16.61,74.9467
591281,16.61,74.9467
591293,16.61,74.9467
591295,16.61,74.9467
591301,15.4667,74.5167
591303,15.4667,74.5167
591316,15.4667,74.5167
591317,15.4667,74.5167
591319,15.4667,74.5167
591320,15.4667,74.5167
591327,15.4667,74.5167
591329,15.4667,74.5167
591339,15.4667,74.5167
591501,16.1727,74.8924
591509,16.1727,74.8924
591510,16.1727,74.8924
591511,16.1727,74.8924
591512,16.1727,74.8924
591513,16.1727,74.8924
591516,16.1727,74.8924
591701,16.1727,74.8924
591702,16.1727,74.8924
600001,13.0656,80.2672
600002,13.0656,80.2672
600003,13.0656,80.2672
600004,13.0656,80.2672
600005,13.0594,80.2789
600006,13.0656,80.2672
600008,13.0717,80.2556
600009,13.0656,80.2672
600012,13.0025,80.2061
600014,13.0025,80.2061
600015,13.0025,80.2061
600016,13.0025,80.2061
600017,13.0025,80.2061
600018,13.0025,80.2061
600019,13.0025,80.2061
600020,13.0044,80.2583
600021,13.0206,80.2417
600022,13.0206,80.2417
600025,13.0206,80.2417
600026,13.0511,80.2125
600027,13.0206,80.2417
600028,13.0206,80.2417
600031,13.0389,80.2258
600032,13.0389,80.2258
600033,13.0389,80.2258
600034,13.0389,80.2258
600036,13.0389,80.2258
600037,13.0389,80.2258
600038,13.0389,80.2258
600043,13.0385,80.2345
600044,13.0385,80.2345
600045,13.0385,80.2345
600046,13.0385,80.2345
600047,13.0385,80.2345
600050,13.0385,80.2345
600051,13.0385,80.2345
600052,13.0385,80.2345
600053,13.0385,80.2345
600054,13.0385,80.2345
600055,13.0385,80.2345
600057,13.0385,80.2345
600059,13.0385,80.2345
600060,13.1492,80.2367
600061,13.1492,80.2367
600066,13.1492,80.2367
600078,13.0385,80.2345
600082,13.11,80.2333
600084,13.0499,80.2319
600086,13.0472,80.2578
600088,12.9925,80.2044
600090,12.9953,80.2672
600091,12.9725,80.2092
600093,13.0481,80.2014
600095,13.0278,80.2156
600097,13.0109,80.2233
600104,12.9819,80.2406
600105,12.9819,80.2406
600106,12.9819,80.2406
600109,12.9819,80.2406
600113,12.9819,80.2406
601105,10.4667,78.0833
601202,11.6969,79.0969
601211,11.6969,79.0969
601212,11.6969,79.0969
601213,11.6969,79.0969
601214,11.6969,79.0969
601301,11.6969,79.0969
601303,11.6969,79.0969
602003,13.1575,79.9194
602021,13.1575,79.9194
602024,13.1575,79.9194
602026,13.1575,79.9194
602028,13.1575,79.9194
602031,13.1575,79.9194
603001,12.5576,80.0556
603002,12.5576,80.0556
603102,12.5319,80.1611
603106,12.5319,80.1611
603107,12.5319,80.1611
603120,12.5319,80.1611
603201,12.5576,80.0556
603301,12.5833,79.95
603307,12.5833,79.95
603308,12.5833,79.95
603311,12.5833,79.95
603406,12.5576,80.0556
604101,12.375,79.6
604151,12.375,79.6
604152,12.375,79.6
604202,27.1,88.45
604210,12.375,79.6
604213,12.375,79.6
604305,12.3167,79.7167
604402,12.375,79.6
604415,12.375,79.6
604501,12.4333,79.4833
605001,12.5205,79.8348
605002,12.5205,79.8348
605003,12.5205,79.8348
605004,12.5205,79.8348
605005,12.5205,79.8348
605006,12.5205,79.8348
605007,12.5205,79.8348
605008,12.5205,79.8348
605009,12.5205,79.8348
605010,12.5205,79.8348
605011,12.5205,79.8348
605012,12.5205,79.8348
605013,12.5205,79.8348
605014,12.5205,79.8348
605051,12.5205,79.8348
605106,12.5205,79.8348
605110,12.5205,79.8348
605118,12.5205,79.8348
605501,12.5205,79.8348
605602,12.5205,79.8348
605802,12.5205,79.8348
606102,12.29,79.0267
606107,12.29,79.0267
606115,12.29,79.0267
606202,12.29,79.0267
606203,12.29,79.0267
606207,12.29,79.0267
606301,12.29,79.0267
606701,12.3,78.8
606707,12.2083,78.8167
606708,12.1167,78.8333
606715,12.2778,78.9111
606716,12.2778,78.9111
606751,12.4167,79.1
606801,12.1167,79.15
606804,12.1167,79.15
606901,12.5,79.25
606902,12.5,79.25
606903,12.5,79.25
606907,12.5,79.25
606908,12.5,79.25
606911,12.5,79.25
607001,11.7333,79.7833
607051,11.7333,79.7833
607103,11.725,79.4833
607111,11.725,79.4833
607116,11.725,79.4833
607201,11.7167,79.1833
607202,11.7167,79.1833
607207,11.7167,79.1833
607307,11.725,79.4833
607402,11.725,79.4833
607804,11.725,79.4833
608201,11.4667,79.6333
608303,11.4667,79.6333
608305,11.4667,79.6333
608501,11.4667,79.6333
608601,11.4667,79.6333
608701,11.4667,79.6333
609001,10.9167,79.8167
609101,10.9167,79.8167
609104,10.9167,79.8167
609117,10.9167,79.8167
609120,10.9167,79.8167
609121,10.9167,79.8167
609127,10.9167,79.8167
609129,10.9167,79.8167
609131,10.9167,79.8167
609201,10.9167,79.8167
609301,10.9167,79.8167
609306,10.9167,79.8167
609314,10.9167,79.8167
609401,10.9167,79.8167
609501,10.9167,79.8167
609601,10.9167,79.8167
609602,10.9167,79.8333
609605,10.9167,79.8167
609606,10.9167,79.8167
609607,10.9167,79.8
609609,10.9167,79.8167
609701,10.9167,79.8167
609811,10.9167,79.8167
610002,10.7042,79.5208
610201,10.7042,79.5208
610206,10.7042,79.5208
611001,10.7667,79.8333
611002,10.7667,79.8333
611101,10.7667,79.8333
611111,10.7667,79.8333
612001,11.2167,79.45
612101,11.2167,79.45
612106,11.2167,79.45
612201,11.2167,79.45
612203,11.2167,79.45
612401,11.2167,79.45
612502,11.2167,79.45
612602,11.2167,79.45
612702,11.2167,79.45
612802,11.2167,79.45
612805,11.2167,79.45
612901,11.2167,79.45
612905,11.2167,79.45
613001,10.7042,79.5208
613005,10.7042,79.5208
613007,10.7042,79.5208
613054,10.7042,79.5208
613101,10.7042,79.5208
613301,10.7042,79.5208
613401,10.7042,79.5208
613504,10.7042,79.5208
613601,10.7042,79.5208
614012,10.4167,79.4
614013,10.4167,79.4
614019,10.4167,79.4
614020,10.4167,79.4
614102,10.4167,79.4
614203,10.4167,79.4
614207,10.4167,79.4
614209,10.4167,79.4
614211,10.4167,79.4
614212,10.4167,79.4
614303,10.4167,79.4
614602,10.4167,79.4
614613,10.4167,79.4
614615,10.4167,79.4
614625,10.4167,79.4
614631,10.4167,79.4
614632,10.4167,79.4
614635,10.4167,79.4
614701,10.35,79.4
614702,10.35,79.4
614706,10.35,79.4
614710,10.35,79.4
614712,10.35,79.4
614714,10.35,79.4
614717,10.35,79.4
614725,10.35,79.4
614730,10.35,79.4
614738,10.35,79.4
614803,10.4167,79.4
614815,10.4167,79.4
614903,10.4833,79.4
614905,10.4833,79.4
614908,10.4833,79.4
620001,10.8,78.7333
620003,10.8,78.7333
620004,10.8,78.7333
620010,10.8,78.7333
620012,10.8,78.7333
620014,10.8,78.7333
620016,10.8,78.7333
620020,10.8,78.7333
620021,10.8,78.7333
621001,10.4694,78.5056
621011,10.4694,78.5056
621014,10.4694,78.5056
621017,10.4694,78.5056
621022,10.4694,78.5056
621104,8.15,77.6
621105,9.625,78.2167
621108,9.625,78.2167
621109,11.1,78.8333
621112,10.9333,78.7333
621114,10.9333,78.7333
621117,10.9333,78.7333
621118,10.9333,78.7333
621121,11.2333,78.7333
621203,10.4694,78.5056
621205,10.4694,78.5056
621212,10.4694,78.5056
621216,10.4694,78.5056
621218,10.4694,78.5056
621219,10.4694,78.5056
621224,10.4694,78.5056
621302,10.5333,78.3
621303,10.5333,78.3
621315,10.5333,78.3
621601,10.4694,78.5056
621713,10.8667,78.8333
621729,10.8667,78.8333
621802,10.4694,78.5056
621853,10.4694,78.5056
622001,9.7693,78.1427
622003,9.7693,78.1427
622102,9.7693,78.1427
622204,9.7693,78.1427
622301,9.7693,78.1427
622404,9.7693,78.1427
622410,9.7693,78.1427
622416,9.7693,78.1427
622421,9.7693,78.1427
622501,9.7693,78.1427
622505,9.7693,78.1427
622514,9.7693,78.1427
623003,9.5958,78.7333
623004,9.5958,78.7333
623005,9.5958,78.7333
623102,9.5958,78.7333
623104,9.5958,78.7333
623207,9.5958,78.7333
623208,9.5958,78.7333
623209,9.5958,78.7333
623302,9.5958,78.7333
623304,9.5958,78.7333
623309,9.5958,78.7333
623313,9.5958,78.7333
623403,9.5958,78.7333
623501,9.6389,78.8278
623502,9.6389,78.8278
623512,9.3,79.0333
623516,9.3,79.0333
623525,9.6667,78.85
623527,9.6667,78.85
623534,9.6389,78.8278
623535,9.6389,78.8278
623553,9.95,78.6
623557,9.95,78.6
623558,9.95,78.6
623560,9.6389,78.8278
623562,9.6389,78.8278
623601,9.4667,78.45
623602,9.4667,78.45
623609,9.4667,78.45
623701,9.5958,78.7333
623703,9.5958,78.7333
623704,9.5958,78.7333
623705,9.5958,78.7333
623707,9.5958,78.7333
623710,9.5958,78.7333
623804,9.5958,78.7333
624001,10.5333,78.0667
624002,10.5333,78.0667
624003,10.5333,78.0667
624004,10.5333,78.0667
624005,10.5333,78.0667
624009,10.5333,78.0667
624054,10.5333,78.0667
624202,10.5333,78.0667
624213,10.5333,78.0667
624216,10.5333,78.0667
624221,10.5333,78.0667
624302,10.5333,78.0667
624312,10.5333,78.0667
624314,10.5333,78.0667
624316,10.5333,78.0667
624501,10.5333,78.0667
624601,10.5333,78.0667
624610,10.5333,78.0667
624614,10.5333,78.0667
624615,10.5333,78.0667
624619,10.5333,78.0667
624620,10.5333,78.0667
624624,10.5333,78.0667
624625,10.5333,78.0667
624701,10.5333,78.0667
624702,10.5333,78.0667
624704,10.5333,78.0667
624709,10.5333,78.0667
624714,10.5333,78.0667
624802,10.4667,78.0833
625001,10.025,78.0417
625002,10.025,78.0417
625003,10.025,78.0417
625008,10.025,78.0417
625009,10.025,78.0417
625010,10.025,78.0417
625011,10.025,78.0417
625014,10.025,78.0417
625020,13.0064,80.2542
625052,10.025,78.0417
625104,10.025,78.0417
625107,10.025,78.0417
625119,10.025,78.0417
625121,10.025,78.0417
625126,10.025,78.0417
625301,10.025,78.0417
625402,9.9833,78.0333
625501,10.0667,78.05
625602,10.025,78.0417
626004,9.55,78.0167
626056,9.55,78.0167
626102,9.5417,77.6083
626103,9.5417,77.6083
626110,9.45,77.5667
626112,9.45,77.5667
626117,9.45,77.5667
626127,9.5417,77.6083
626132,9.6333,77.65
626134,9.6333,77.65
626145,9.5417,77.6083
626146,9.5417,77.6083
626150,9.5417,77.6083
626154,9.5417,77.6083
626156,9.5417,77.6083
626159,9.5417,77.6083
626163,9.5417,77.6083
626171,9.5417,77.6083
626175,9.5417,77.6083
626177,9.5417,77.6083
626180,9.5417,77.6083
626183,9.5417,77.6083
626187,9.5417,77.6083
626188,9.5417,77.6083
626201,9.2667,77.8333
626204,9.2667,77.8333
626205,9.2667,77.8333
626206,9.2667,77.8333
626210,9.2667,77.8333
626501,9.61,77.7433
626512,9.61,77.7433
626513,9.61,77.7433
626514,9.61,77.7433
626516,9.61,77.7433
626517,9.61,77.7433
626519,9.61,77.7433
626531,9.61,77.7433
626532,9.61,77.7433
626533,9.61,77.7433
626535,9.61,77.7433
626536,9.61,77.7433
626537,9.61,77.7433
626540,9.61,77.7433
626541,9.61,77.7433
626553,9.61,77.7433
626562,9.61,77.7433
626566,9.61,77.7433
626571,9.61,77.7433
626601,10.15,77.65
626704,9.61,77.7433
626716,9.61,77.7433
627001,8.6854,77.6146
627002,8.6854,77.6146
627007,8.6854,77.6146
627008,8.6854,77.6146
627010,8.6854,77.6146
627101,8.2667,77.7
627104,8.2667,77.7
627111,8.2667,77.7
627116,8.2667,77.7
627121,8.2667,77.7
627128,8.2667,77.7
627129,8.2667,77.7
627202,8.6854,77.6146
627251,8.6854,77.6146
627253,8.6854,77.6146
627352,8.85,77.7833
627358,8.85,77.7833
627359,8.85,77.7833
627360,8.3333,77.9333
627414,8.6833,77.5667
627415,8.8167,77.3833
627434,8.75,77.475
627451,8.75,77.475
627501,8.5,77.5667
627502,8.5,77.5667
627603,8.6854,77.6146
627702,9.0833,77.35
627712,9.0833,77.35
627713,9.0833,77.35
627714,9.0833,77.35
627716,9.0833,77.35
627723,9.0833,77.35
627725,9.0833,77.35
627727,9.0833,77.35
627751,9.0833,77.35
627762,9.0833,77.35
627801,8.6854,77.6146
627803,8.6854,77.6146
627804,8.6854,77.6146
627805,8.6854,77.6146
627812,8.6854,77.6146
627820,8.6854,77.6146
627821,8.6854,77.6146
627822,8.6854,77.6146
627856,8.6854,77.6146
627860,8.6854,77.6146
627902,8.95,77.6333
627904,8.95,77.6333
627912,8.95,77.6333
627951,8.95,77.6333
628002,8.6333,78.0167
628003,8.6333,78.0167
628007,8.6333,78.0167
628105,8.6333,78.0167
628215,8.6333,78.0167
628217,8.6333,78.0167
628302,8.6333,78.0167
628304,8.6333,78.0167
628309,8.6333,78.0167
628401,8.6333,78.0167
628614,8.6333,78.0167
628619,8.6333,78.0167
628626,8.6333,78.0167
628627,8.6333,78.0167
628651,8.6333,78.0167
628652,8.6333,78.0167
628658,8.6333,78.0167
628703,8.6333,78.0167
628801,8.6333,78.0167
629001,10.9667,78.5167
629002,10.9667,78.5167
629004,10.9667,78.5167
629051,10.9667,78.5167
629103,10.1167,77.9944
629152,10.1167,77.9944
629153,10.1167,77.9944
629159,10.1167,77.9944
629165,11.2833,77.95
629167,11.2833,77.95
629168,11.2833,77.95
629172,9.5333,78.0167
629175,10.8333,78.7
629178,9.5333,78.0167
629179,9.5333,78.0167
629188,10.1167,77.9944
629197,10.1167,77.9944
629203,10.9667,78.5167
629253,10.9667,78.5167
629303,13.5167,80.0833
629304,13.5167,80.0833
629501,10.9667,78.5167
629504,10.9667,78.5167
629664,10.9667,78.5167
629701,10.9667,78.5167
629704,10.9667,78.5167
629852,10.9667,78.5167
629855,10.9667,78.5167
629902,10.9667,78.5167
631001,12.8917,79.7583
631003,12.8917,79.7583
631004,12.8917,79.7583
631057,12.8917,79.7583
631060,12.8917,79.7583
631104,13.0167,79.7333
631151,13.0167,79.7333
631203,12.8917,79.7583
631205,12.8917,79.7583
631206,12.8917,79.7583
631303,12.8917,79.7583
631404,12.8917,79.7583
631502,12.8917,79.7583
631503,12.8917,79.7583
631551,12.8917,79.7583
631553,12.8917,79.7583
631602,12.7667,79.7833
631605,12.7667,79.7833
631701,12.8917,79.7583
632001,12.8533,79.2267
632002,12.8533,79.2267
632004,12.8533,79.2267
632006,12.8533,79.2267
632012,12.8533,79.2267
632103,12.8833,79.0667
632105,12.8833,79.0667
632106,12.8833,79.0667
632202,12.9667,79.0667
632204,12.9667,79.0667
632301,12.7167,79.2
632315,12.7167,79.2
632504,12.7667,79.4167
632505,12.7667,79.4167
632506,12.7667,79.4167
632511,12.9333,79.3833
632513,12.9333,79.3833
632522,12.85,79.4
632527,12.85,79.4
632601,12.8533,79.2267
632604,12.8533,79.2267
635001,12.5729,78.2729
635103,12.8333,77.8667
635104,12.6944,77.8278
635105,12.6944,77.8278
635106,12.6944,77.8278
635107,12.5333,77.8
635108,12.6944,77.8278
635109,12.7167,77.8167
635110,12.6944,77.8278
635115,13.5167,80.0833
635119,12.6944,77.8278
635125,12.6944,77.8278
635126,12.6944,77.8278
635135,12.6944,77.8278
635141,12.6944,77.8278
635201,12.2667,78.55
635204,12.2667,78.55
635207,12.2667,78.55
635209,12.2667,78.55
635210,12.4833,78.3333
635301,12.5729,78.2729
635303,12.5729,78.2729
635306,12.5729,78.2729
635655,12.5729,78.2729
635657,12.5729,78.2729
635701,12.6,78.75
635703,12.6,78.75
635804,12.575,78.5333
635808,12.575,78.5333
635812,12.575,78.5333
635851,12.5667,78.5833
635853,12.575,78.5333
635854,12.5833,78.4833
636001,10.5667,79.7667
636004,11.8833,78.9167
636006,11.225,79.3417
636007,11.225,79.3417
636009,11.225,79.3417
636013,11.225,79.3417
636016,11.225,79.3417
636102,11.4833,78.65
636104,11.4833,78.65
636105,11.4833,78.65
636112,11.5833,78.7667
636117,11.5833,78.7667
636118,11.5833,78.7667
636121,11.5333,78.7083
636124,11.5333,78.7083
636139,11.5333,78.7083
636140,11.5333,78.7083
636302,11.8667,78.15
636351,11.8667,78.15
636354,11.8667,78.15
636403,11.7333,78.0667
636404,11.7333,78.0667
636451,11.7333,78.0667
636452,11.7333,78.0667
636455,11.7333,78.0667
636456,11.7333,78.0667
636501,11.7,77.8833
636601,11.7667,78.2333
636602,11.7667,78.2333
636604,11.7667,78.2333
636701,11.7121,78.4682
636702,11.7121,78.4682
636705,11.7121,78.4682
636802,12.0833,78.2389
636803,12.0667,78.5
636804,12.05,78.15
636807,12.0833,78.2389
636808,12.0833,78.2389
636813,12.0833,78.2389
636815,12.0833,78.2389
636902,11.7121,78.4682
636908,11.7121,78.4682
637001,12.9908,80.2131
637002,12.9908,80.2131
637003,12.9908,80.2131
637013,12.6288,79.5732
637017,12.6288,79.5732
637023,12.2667,78.9333
637026,12.2667,78.9333
637101,11.5833,77.85
637202,12.056,78.8116
637203,12.056,78.8116
637206,12.056,78.8116
637213,12.056,78.8116
637306,12.056,78.8116
637402,11.3833,78.25
637404,11.3833,78.25
637410,10.5333,78.3
637420,11.3833,78.25
637502,12.056,78.8116
637508,12.056,78.8116
638008,10.5667,79.7667
638009,11.1667,77.6167
638010,11.1667,77.6167
638011,11.1667,77.6167
638051,11.1667,77.6167
638058,11.1667,77.6167
638110,12.25,79.4167
638112,12.25,79.4167
638129,12.25,79.4167
638152,12.25,79.4167
638153,12.25,79.4167
638202,11.44,77.7967
638211,11.44,77.7967
638301,11.44,77.7967
638302,11.44,77.7967
638312,11.44,77.7967
638314,11.44,77.7967
638315,11.44,77.7967
638327,11.44,77.7967
638403,11.7833,77.0167
638404,11.7833,77.0167
638451,11.7833,77.0167
638452,11.7833,77.0167
638461,11.7833,77.0167
638466,11.7833,77.0167
638476,11.7833,77.0167
638503,11.44,77.7967
638603,11.44,77.7967
638656,11.44,77.7967
638657,11.44,77.7967
638672,11.44,77.7967
638675,11.44,77.7967
638687,11.44,77.7967
638703,11,77.4667
638710,10.8333,77.5
638751,11.1667,77.4333
638752,11.1667,77.4333
638806,11.44,77.7967
638812,11.44,77.7967
639001,12.1397,78.5489
639002,12.1397,78.5489
639105,12.1397,78.5489
639120,12.1397,78.5489
639203,12.1397,78.5489
641001,10.9375,76.975
641002,10.9375,76.975
641003,10.9375,76.975
641006,10.9375,76.975
641007,10.9375,76.975
641011,10.9375,76.975
641012,10.9375,76.975
641015,10.9375,76.975
641016,10.9375,76.975
641018,10.9375,76.975
641029,10.9375,76.975
641032,10.9375,76.975
641034,10.9375,76.975
641045,10.9375,76.975
641047,10.9375,76.975
641101,10.9333,76.8
641103,11.0167,77.0667
641105,10.9,76.9667
641108,10.95,76.9444
641110,10.95,76.9444
641201,10.9,77.0667
641202,10.9,77.0667
641304,10.9375,76.975
642001,10.5833,77.25
642002,10.5833,77.25
642004,10.5833,77.25
642005,10.5833,77.25
642051,10.5833,77.25
642105,10.5833,77.25
642107,10.5833,77.25
642108,10.5833,77.25
642113,10.5833,77.25
642126,13.0064,80.2542
642135,10.5833,77.25
642136,10.5833,77.25
642152,10.5833,77.25
642154,10.5833,77.25
643001,11.4611,76.55
643003,11.4611,76.55
643004,11.4611,76.55
643005,11.4611,76.55
643006,11.4611,76.55
643105,11.4611,76.55
643205,11.5333,76.2833
643206,11.5333,76.2833
643207,11.5333,76.2833
643209,11.5333,76.2833
643210,11.4611,76.55
643224,11.4833,76.5667
643231,11.3667,76.8
643232,11.3667,76.8
643234,11.3667,76.8
643241,11.4611,76.55
643244,11.4611,76.55
643256,11.4611,76.55
643282,11.4611,76.55
670014,12.05,75.2667
670102,12.05,75.35
670106,12.05,75.35
670109,12.05,75.35
670141,12.05,75.35
670301,12.05,75.1833
670304,12.05,75.1833
670306,12.05,75.1833
670307,12.05,75.1833
670308,12.05,75.1833
670327,12.05,75.1833
670330,12.05,75.1833
670501,12.05,75.2667
670511,12.05,75.2667
670563,12.05,75.2667
670571,12.05,75.2667
670581,12.05,75.2667
670582,12.05,75.2667
670591,12.05,75.2667
670595,12.05,75.2667
670614,12.05,75.2667
670621,12.05,75.2667
670622,12.05,75.2667
670631,12.05,75.2667
670633,12.05,75.2667
670643,12.05,75.2667
670644,12.05,75.2667
670645,12.05,75.2667
670646,12.05,75.2667
670649,12.05,75.2667
670650,12.05,75.2667
670663,12.05,75.2667
670674,12.05,75.2667
670676,12.05,75.2667
670694,12.05,75.2667
670702,12.05,75.2667
670703,12.05,75.2667
670704,12.05,75.2667
670705,12.05,75.2667
670706,12.05,75.2667
670721,12.05,75.2667
670731,12.05,75.2667
671121,12.5417,74.975
671122,12.5417,74.975
671123,12.5417,74.975
671124,12.5417,74.975
671125,12.5417,74.975
671312,12.4,75.05
671314,12.4,75.05
671316,12.4,75.05
671317,12.4,75.05
671318,12.4,75.05
671319,12.4,75.05
671320,12.6833,74.9
671321,12.6833,74.9
671322,12.6833,74.9
671323,12.6833,74.9
671324,12.6833,74.9
671328,12.6833,74.9
671345,12.5417,74.975
671348,12.5417,74.975
671349,12.5417,74.975
671350,12.5417,74.975
671351,12.5417,74.975
671357,12.5417,74.975
671531,12.5417,74.975
671532,12.5417,74.975
671533,12.5417,74.975
671541,12.5417,74.975
671542,12.5417,74.975
671543,12.5417,74.975
671552,12.5417,74.975
673001,11.25,75.7667
673002,11.25,75.7667
673005,11.25,75.7667
673008,11.25,75.7667
673009,11.25,75.7667
673011,11.1833,75.8167
673014,11.1833,75.8167
673015,11.1833,75.8167
673016,11.1833,75.8167
673018,11.1833,75.8167
673020,11.2167,75.7917
673025,11.2167,75.7917
673027,11.2167,75.7917
673032,11.2167,75.7917
673101,11.4354,75.725
673102,11.4354,75.725
673103,11.4354,75.725
673104,11.4354,75.725
673112,11.4354,75.725
673121,11.4354,75.725
673301,11.15,75.8167
673302,11.15,75.8167
673305,11.15,75.8167
673308,11.15,75.8167
673310,11.7,75.5333
673313,11.7,75.5333
673314,11.7,75.5333
673317,11.7,75.5333
673320,11.425,75.675
673323,11.425,75.675
673326,11.425,75.675
673330,11.425,75.675
673501,11.7,75.6667
673502,11.7,75.6667
673504,11.7,75.6667
673506,11.7,75.6667
673507,11.7,75.6667
673508,11.7,75.6667
673513,11.6333,75.6333
673514,11.6333,75.6333
673517,11.6333,75.6333
673521,11.5667,75.6
673523,11.5667,75.6
673525,11.5667,75.6
673526,11.5667,75.6
673571,11.6333,75.6333
673572,11.6333,75.6333
673573,11.6333,75.6333
673574,11.6333,75.6333
673575,11.6333,75.6333
673576,11.6333,75.6333
673579,11.6333,75.6333
673581,11.6333,75.6333
673583,11.6333,75.6333
673586,11.6333,75.6333
673591,11.6333,75.6333
673592,11.6333,75.6333
673593,11.6333,75.6333
673595,11.6333,75.6333
673601,11.4667,75.8
673612,11.45,75.8333
673613,11.4667,75.8
673614,11.4833,75.7667
673616,11.4667,75.8
673617,11.4667,75.8
673620,11.4667,75.8
673631,11.4667,75.8
673632,11.4667,75.8
673633,11.4667,75.8
673635,11.4667,75.8
673636,11.4667,75.8
673638,11.4667,75.8
673639,11.4667,75.8
673640,11.4667,75.8
673641,11.4667,75.8
673642,11.4667,75.8
676102,11.075,76.125
676103,11.075,76.125
676105,11.075,76.125
676121,11.075,76.125
676302,11.075,76.125
676303,11.075,76.125
676304,11.075,76.125
676305,11.075,76.125
676306,11.075,76.125
676307,11.075,76.125
676320,11.075,76.125
676501,11.075,76.125
676503,11.075,76.125
676504,11.075,76.125
676506,11.075,76.125
676507,11.075,76.125
676510,11.075,76.125
676513,11.075,76.125
676515,11.075,76.125
676519,11.075,76.125
676522,11.075,76.125
676523,11.075,76.125
676528,11.075,76.125
676541,11.2167,76.15
676542,11.2167,76.15
676552,10.9333,76.1
676553,10.9333,76.1
676554,10.9333,76.1
676562,11.075,76.125
678002,10.7278,76.5944
678005,10.7278,76.5944
678009,10.7278,76.5944
678010,10.7278,76.5944
678012,10.7278,76.5944
678102,10.6833,76.7333
678504,10.4833,76.7
678507,10.4833,76.7
678509,10.4833,76.7
678511,10.4833,76.7
678547,10.4833,76.7
678548,10.4833,76.7
678551,10.4833,76.7
678553,10.4833,76.7
678555,10.4833,76.7
678556,10.4833,76.7
678557,10.4833,76.7
678571,10.4833,76.7
678574,10.4833,76.7
678575,10.4833,76.7
678581,10.4833,76.7
678582,10.4833,76.7
678592,10.4833,76.7
678593,10.4833,76.7
678601,11.0167,76.35
678611,11.0167,76.35
678616,11.0167,76.35
678622,11.0167,76.35
678624,11.0167,76.35
678632,11.0167,76.35
678641,11.0167,76.35
678642,11.0167,76.35
678651,11.0167,76.35
678702,10.7278,76.5944
678706,10.7278,76.5944
679106,10.975,76.3333
679121,10.975,76.3333
679122,10.975,76.3333
679123,10.975,76.3333
679124,10.975,76.3333
679301,10.75,76.4333
679302,10.75,76.4333
679303,10.75,76.4333
679308,10.75,76.4333
679322,11.2,76.2333
679324,11.2,76.2333
679325,11.2,76.2333
679326,11.2,76.2333
679328,11.2,76.2333
679329,11.2,76.2333
679330,10.975,76.3333
679333,10.975,76.3333
679334,10.975,76.3333
679335,10.975,76.3333
679339,10.975,76.3333
679342,10.975,76.3333
679350,10.975,76.3333
679352,10.975,76.3333
679354,10.975,76.3333
679501,10.975,76.3333
679503,10.975,76.3333
679505,10.975,76.3333
679515,10.975,76.3333
679531,10.975,76.3333
679532,10.975,76.3333
679533,10.975,76.3333
679534,10.975,76.3333
679535,10.975,76.3333
679536,10.975,76.3333
679537,10.975,76.3333
679538,10.975,76.3333
679553,10.975,76.3333
679562,10.975,76.3333
679572,10.975,76.3333
679573,10.975,76.3333
679575,10.975,76.3333
679579,10.975,76.3333
679582,10.975,76.3333
679586,10.975,76.3333
679589,10.975,76.3333
679591,10.975,76.3333
679592,10.975,76.3333
680004,10.4267,76.2167
680007,10.4267,76.2167
680101,10.6,76.05
680103,10.6,76.05
680104,10.6,76.05
680121,10.3333,76.2333
680122,10.3333,76.2333
680125,10.3333,76.2333
680301,10.3833,76.2917
680302,10.3833,76.2917
680306,10.4667,76.2333
680307,10.3,76.35
680308,10.3833,76.2917
680312,10.3833,76.2917
680319,10.3833,76.2917
680501,10.4333,76.2167
680503,10.4333,76.2167
680506,10.4333,76.2167
680512,10.4333,76.2167
680514,10.4333,76.2167
680518,10.4333,76.2167
680519,10.4333,76.2167
680522,10.4333,76.2167
680524,10.4333,76.2167
680543,10.4333,76.2167
680554,10.4333,76.2167
680562,10.4333,76.2167
680569,10.4333,76.2167
680570,10.4333,76.2167
680582,10.4333,76.2167
680585,10.4333,76.2167
680587,10.4333,76.2167
680602,10.4267,76.2167
680614,10.4267,76.2167
680623,10.4267,76.2167
680631,10.4267,76.2167
680651,10.4267,76.2167
680655,10.4267,76.2167
680661,10.4267,76.2167
680666,10.4267,76.2167
680668,10.4267,76.2167
680671,10.4267,76.2167
680681,10.4267,76.2167
680686,10.4267,76.2167
680687,10.4267,76.2167
680695,10.4267,76.2167
680699,10.4267,76.2167
680703,10.4267,76.2167
680712,10.4267,76.2167
680721,10.4267,76.2167
680724,10.4267,76.2167
680732,10.4267,76.2167
680733,10.4267,76.2167
680734,10.4267,76.2167
680736,10.4267,76.2167
680751,10.4267,76.2167
682008,10.0333,76.3
682011,10.0333,76.3
682012,10.0333,76.3
682014,10.0333,76.3
682020,10.0333,76.3
682021,10.0333,76.3
682023,10.0333,76.3
682024,10.0333,76.3
682027,10.0333,76.3
682031,10.0333,76.3
682307,10.0333,76.3
682308,10.0333,76.3
682309,10.0333,76.3
682310,10.0333,76.3
682311,10.0333,76.3
682314,10.0333,76.3
682320,10.0333,76.3
682502,10.0333,76.3
682508,10.0333,76.3
682552,10.0333,76.3
682553,10.0333,76.3
682555,10.0333,76.3
682556,10.0333,76.3
682557,10.0333,76.3
682558,10.0333,76.3
682559,10.0333,76.3
683102,10.2762,76.2548
683103,10.2762,76.2548
683104,10.2762,76.2548
683106,10.2762,76.2548
683108,10.2762,76.2548
683501,10.2762,76.2548
683502,10.2762,76.2548
683503,10.2762,76.2548
683511,10.2762,76.2548
683521,10.2762,76.2548
683522,10.2762,76.2548
683523,10.2762,76.2548
683541,10.2762,76.2548
683543,10.2762,76.2548
683544,10.2762,76.2548
683545,10.2762,76.2548
683548,10.2762,76.2548
683549,10.2762,76.2548
683550,10.2762,76.2548
683561,10.2762,76.2548
683564,10.2762,76.2548
683577,10.2762,76.2548
683578,10.2762,76.2548
683579,10.2762,76.2548
683582,10.2762,76.2548
685501,10.2762,76.2548
685503,10.2762,76.2548
685504,10.2762,76.2548
685505,10.2762,76.2548
685509,10.2762,76.2548
685510,10.2762,76.2548
685515,10.2762,76.2548
685531,10.2762,76.2548
685533,10.2762,76.2548
685535,10.2762,76.2548
685551,10.2762,76.2548
685552,10.2762,76.2548
685553,10.2762,76.2548
685554,10.2762,76.2548
685561,10.2762,76.2548
685562,10.2762,76.2548
685563,10.2762,76.2548
685565,10.2762,76.2548
685566,10.2762,76.2548
685582,10.2762,76.2548
685584,10.2762,76.2548
685586,10.2762,76.2548
685588,10.2762,76.2548
685589,10.2762,76.2548
685590,10.2762,76.2548
685595,10.2762,76.2548
685602,10.2762,76.2548
685603,10.2762,76.2548
685612,10.2762,76.2548
685613,10.2762,76.2548
685614,10.2762,76.2548
685617,10.2762,76.2548
685619,10.2762,76.2548
685620,10.2762,76.2548
686008,9.7667,76.4
686009,9.7667,76.4
686010,9.7667,76.4
686012,9.7667,76.4
686014,9.7667,76.4
686038,9.7667,76.4
686103,9.7667,76.4
686124,9.7667,76.4
686141,9.7667,76.4
686142,9.7667,76.4
686143,9.7667,76.4
686502,9.7667,76.4
686510,9.7667,76.4
686512,9.7667,76.4
686513,9.7667,76.4
686514,9.7667,76.4
686517,9.7667,76.4
686532,9.7667,76.4
686534,9.7667,76.4
686538,9.7667,76.4
686539,9.7667,76.4
686540,9.7667,76.4
686541,9.7667,76.4
686545,9.7667,76.4
686546,9.7667,76.4
686548,9.7667,76.4
686550,9.7667,76.4
686552,9.7667,76.4
686555,9.7667,76.4
686564,9.7667,76.4
686571,9.7667,76.4
686574,9.7667,76.4
686576,9.7667,76.4
686577,9.7667,76.4
686578,9.7667,76.4
686580,9.7667,76.4
686582,9.7667,76.4
686588,9.7667,76.4
686591,9.7667,76.4
686602,9.7667,76.4
686603,9.7667,76.4
686605,9.7667,76.4
686612,9.7667,76.4
686635,9.7667,76.4
686642,9.7667,76.4
686651,9.7667,76.4
686653,9.7667,76.4
686662,9.7667,76.4
686663,9.7667,76.4
686667,9.7667,76.4
686668,9.7667,76.4
686670,9.7667,76.4
686671,9.7667,76.4
686673,9.7667,76.4
686679,9.7667,76.4
686691,9.7667,76.4
686693,9.7667,76.4
686694,9.7667,76.4
686730,9.7667,76.4
688003,10.2762,76.2548
688505,10.2762,76.2548
688511,10.2762,76.2548
688523,10.2762,76.2548
688526,10.2762,76.2548
688529,10.2762,76.2548
688535,10.2762,76.2548
688537,10.2762,76.2548
688547,10.2762,76.2548
688554,10.2762,76.2548
688559,10.2762,76.2548
688561,10.2762,76.2548
688562,10.2762,76.2548
689113,10.2762,76.2548
689126,10.2762,76.2548
689503,10.2762,76.2548
689510,10.2762,76.2548
689532,10.2762,76.2548
689533,10.2762,76.2548
689543,10.2762,76.2548
689544,10.2762,76.2548
689545,10.2762,76.2548
689546,10.2762,76.2548
689547,10.2762,76.2548
689551,10.2762,76.2548
689573,10.2762,76.2548
689586,10.2762,76.2548
689587,10.2762,76.2548
689588,10.2762,76.2548
689595,10.2762,76.2548
689603,10.2762,76.2548
689614,10.2762,76.2548
689621,10.2762,76.2548
689630,10.2762,76.2548
689647,10.2762,76.2548
689648,10.2762,76.2548
689649,10.2762,76.2548
689662,10.2762,76.2548
689664,10.2762,76.2548
689665,10.2762,76.2548
689667,10.2762,76.2548
689672,10.2762,76.2548
689673,10.2762,76.2548
689674,10.2762,76.2548
689676,10.2762,76.2548
689681,10.2762,76.2548
689692,10.2762,76.2548
689703,10.2762,76.2548
689711,10.2762,76.2548
689713,10.2762,76.2548
690503,9.3,76.4667
690505,9.3,76.4667
690510,9.3,76.4667
690512,9.3,76.4667
690513,9.3,76.4667
690514,9.3,76.4667
690521,9.3,76.4667
690522,9.3,76.4667
690523,9.3,76.4667
690524,9.3,76.4667
690526,9.3,76.4667
690527,9.3,76.4667
690529,9.3,76.4667
690536,9.3,76.4667
690541,9.3,76.4667
690555,9.3,76.4667
690561,9.3,76.4667
690573,9.3,76.4667
691005,8.8333,76.9167
691008,8.8333,76.9167
691010,8.8333,76.9167
691014,8.8333,76.9167
691019,8.8333,76.9167
691302,8.8333,76.9167
691305,8.8333,76.9167
691306,8.8333,76.9167
691309,8.8333,76.9167
691310,8.8333,76.9167
691312,8.8333,76.9167
691329,8.8333,76.9167
691330,8.8333,76.9167
691500,8.8333,76.9167
691502,8.8333,76.9167
691503,8.8333,76.9167
691505,8.8333,76.9167
691508,8.8333,76.9167
691510,8.8333,76.9167
691512,8.8333,76.9167
691515,8.8333,76.9167
691523,8.8333,76.9167
691529,8.8333,76.9167
691534,8.8333,76.9167
691536,8.8333,76.9167
691537,8.8333,76.9167
691539,8.8333,76.9167
691541,8.8333,76.9167
691546,8.8333,76.9167
691547,8.8333,76.9167
691551,8.8333,76.9167
691552,8.8333,76.9167
691553,8.8333,76.9167
691555,8.8333,76.9167
691560,8.8333,76.9167
691572,8.8333,76.9167
691573,8.8333,76.9167
691577,8.8333,76.9167
691579,8.8333,76.9167
691581,8.8333,76.9167
691583,8.8333,76.9167
691584,8.8333,76.9167
691589,8.8333,76.9167
691601,8.8333,76.9167
695004,8.4333,77.05
695005,8.4333,77.05
695010,8.4333,77.05
695011,8.4333,77.05
695013,8.4333,77.05
695015,8.4333,77.05
695019,8.4333,77.05
695020,8.4333,77.05
695027,8.4333,77.05
695038,8.4333,77.05
695041,8.4333,77.05
695102,8.4333,77.05
695103,8.4333,77.05
695104,8.4333,77.05
695122,8.4333,77.05
695125,8.4333,77.05
695133,8.4333,77.05
695143,8.4333,77.05
695305,8.4333,77.05
695306,8.4333,77.05
695310,8.4333,77.05
695311,8.4333,77.05
695323,8.4333,77.05
695501,8.4333,77.05
695503,8.4333,77.05
695506,8.4333,77.05
695507,8.4333,77.05
695526,8.4333,77.05
695543,8.4333,77.05
695551,8.4333,77.05
695561,8.4333,77.05
695562,8.4333,77.05
695563,8.4333,77.05
695571,8.4333,77.05
695581,8.4333,77.05
695585,8.4333,77.05
695602,8.4333,77.05
695604,8.4333,77.05
695614,8.4333,77.05
695616,8.4333,77.05
695618,8.4333,77.05
700001,22.569,88.3697
700002,22.569,88.3697
700003,22.569,88.3697
700004,22.569,88.3697
700005,22.569,88.3697
700006,22.569,88.3697
700007,22.569,88.3697
700008,22.569,88.3697
700009,22.569,88.3697
700010,22.569,88.3697
700011,22.569,88.3697
700012,22.569,88.3697
700013,22.569,88.3697
700014,22.569,88.3697
700015,22.569,88.3697
700016,22.569,88.3697
700017,22.569,88.3697
700018,22.569,88.3697
700019,22.569,88.3697
700020,22.569,88.3697
700021,22.569,88.3697
700022,22.569,88.3697
700023,22.569,88.3697
700024,22.569,88.3697
700025,22.569,88.3697
700026,22.569,88.3697
700027,22.569,88.3697
700028,22.569,88.3697
700029,22.569,88.3697
700030,22.569,88.3697
700031,22.569,88.3697
700032,22.569,88.3697
700033,22.569,88.3697
700034,22.569,88.3697
700035,22.569,88.3697
700036,22.569,88.3697
700037,22.569,88.3697
700038,22.569,88.3697
700039,22.569,88.3697
700040,22.569,88.3697
700041,22.569,88.3697
700042,22.569,88.3697
700043,22.569,88.3697
700044,22.569,88.3697
700045,22.569,88.3697
700046,22.569,88.3697
700047,22.569,88.3697
700048,22.569,88.3697
700049,22.569,88.3697
700050,22.569,88.3697
700051,22.569,88.3697
700052,22.569,88.3697
700053,22.569,88.3697
700054,22.569,88.3697
700055,22.569,88.3697
700056,22.569,88.3697
700057,22.569,88.3697
700058,22.569,88.3697
700059,22.569,88.3697
700060,22.569,88.3697
700061,22.569,88.3697
700062,22.569,88.3697
700063,22.569,88.3697
700064,22.569,88.3697
700065,22.569,88.3697
700066,22.569,88.3697
700067,22.569,88.3697
700068,22.569,88.3697
700069,22.569,88.3697
700071,22.569,88.3697
700072,22.569,88.3697
700073,22.569,88.3697
700074,22.569,88.3697
700075,22.569,88.3697
700076,22.569,88.3697
700077,22.569,88.3697
700078,22.569,88.3697
700079,22.569,88.3697
700080,22.569,88.3697
700081,22.569,88.3697
700082,22.569,88.3697
700083,22.569,88.3697
700084,22.569,88.3697
700085,22.569,88.3697
700086,22.569,88.3697
700087,22.569,88.3697
700088,22.569,88.3697
700089,22.569,88.3697
700090,22.569,88.3697
700091,22.569,88.3697
700092,22.569,88.3697
700093,22.569,88.3697
700094,22.569,88.3697
700095,22.569,88.3697
700096,22.569,88.3697
700097,22.569,88.3697
700098,22.569,88.3697
700099,22.569,88.3697
700100,22.569,88.3697
700101,22.569,88.3697
700102,22.569,88.3697
700103,22.569,88.3697
700104,22.569,88.3697
700105,22.569,88.3697
700106,22.569,88.3697
700107,22.569,88.3697
700108,22.569,88.3697
700109,22.569,88.3697
700110,22.569,88.3697
700111,22.569,88.3697
700112,22.569,88.3697
700113,22.569,88.3697
700114,22.569,88.3697
700115,22.569,88.3697
700116,22.569,88.3697
700117,22.569,88.3697
700118,22.569,88.3697
700119,22.569,88.3697
700120,22.569,88.3697
700121,22.569,88.3697
700122,22.569,88.3697
700123,22.569,88.3697
700124,22.569,88.3697
700125,22.569,88.3697
700126,22.569,88.3697
700127,22.569,88.3697
700128,22.569,88.3697
700129,22.569,88.3697
700130,22.569,88.3697
700131,22.569,88.3697
700132,22.569,88.3697
700133,22.569,88.3697
700134,22.569,88.3697
700135,22.569,88.3697
700136,22.569,88.3697
700137,22.569,88.3697
700138,22.569,88.3697
700139,22.569,88.3697
700140,22.569,88.3697
700141,22.569,88.3697
700142,22.569,88.3697
700143,22.569,88.3697
700144,22.569,88.3697
700145,22.569,88.3697
700146,22.569,88.3697
700147,22.569,88.3697
700148,22.569,88.3697
700149,22.569,88.3697
700150,22.569,88.3697
700151,22.569,88.3697
700152,22.569,88.3697
700153,22.569,88.3697
700154,22.569,88.3697
700155,22.569,88.3697
711101,22.3294,88.3994
711102,23.7167,87.05
711103,22.8115,88.0249
711104,22.5833,88.3
711105,22.8115,88.0249
711106,22.8115,88.0249
711107,22.6167,88.35
711108,22.8115,88.0249
711109,22.8115,88.0249
711201,22.6461,88.3403
711204,22.5833,88.3833
711205,22.6147,88.3618
711224,23.7333,87.9833
711225,23.7333,87.9833
711226,23.7333,87.9833
711227,23.7333,87.9833
711301,22.105,88.1142
711304,22.105,88.1142
711307,22.105,88.1142
711309,22.105,88.1142
711310,22.5044,88.1833
711311,22.5087,88.1656
711313,22.55,88.2
711315,22.4717,88.1136
711321,22.5439,88.1381
711322,22.5439,88.1381
711324,22.5439,88.1381
711325,22.5439,88.1381
711326,22.5439,88.1381
711327,22.5439,88.1381
711401,22.58,88.0083
711402,22.6104,88.1143
711403,22.6104,88.1143
711405,22.6408,88.2203
711406,22.6104,88.1143
711408,22.6104,88.1143
711409,22.6104,88.1143
711412,22.5056,88.0958
711413,22.3919,88.0889
711414,22.6192,88.1028
711415,22.5056,88.0958
711416,22.5056,88.0958
712101,22.4667,87.15
712102,22.7632,87.9823
712103,22.8956,88.4025
712104,22.9275,88.3944
712121,22.7657,88.1281
712122,22.7657,88.1281
712123,22.7657,88.1281
712125,22.7657,88.1281
712136,22.5167,88.0828
712137,22.5167,88.0828
712138,22.5167,88.0828
712147,23.0333,88.325
712148,22.9833,88.3667
712149,23.0833,88.2833
712150,22.6264,88.1725
712151,22.6264,88.1725
712152,22.2894,88.0422
712153,22.6264,88.1725
712154,22.9633,88.3028
712155,22.6264,88.1725
712201,22.7268,88.3531
712202,22.7268,88.3531
712203,22.7268,88.3531
712204,22.7268,88.3531
712221,22.7978,88.3658
712222,22.7978,88.3658
712223,22.7978,88.3658
712234,22.7268,88.3531
712235,22.7268,88.3531
712245,22.7142,88.3478
712246,22.7142,88.3478
712247,22.7142,88.3478
712248,22.7142,88.3478
712258,22.6683,88.3458
712302,22.97,88.1033
712303,22.97,88.1033
712307,22.97,88.1033
712401,22.8333,87.9667
712402,22.9667,88.0333
712403,22.8219,88.1094
712404,22.7342,88.0642
712405,22.8146,88.0047
712406,22.7167,87.85
712407,22.8146,88.0047
712411,22.4167,88.1167
712412,22.4167,88.1167
712413,22.4167,88.1167
712414,22.4167,88.1167
712415,22.4167,88.1167
712416,22.4167,88.1167
712417,22.4167,88.1167
712418,22.4167,88.1167
712419,22.4167,88.1167
712423,22.8367,88.1206
712424,22.8367,88.1206
712426,22.8367,88.1206
712428,22.8367,88.1206
712429,22.8367,88.1206
712501,22.7283,88.435
712502,22.9719,88.3994
712504,22.8501,88.4172
712512,22.8501,88.4172
712513,22.8501,88.4172
712515,22.8501,88.4172
712601,22.2397,88.4019
712612,22.2397,88.4019
712613,22.2397,88.4019
712614,22.2397,88.4019
712617,22.2397,88.4019
712702,22.6864,88.2658
712703,22.6864,88.2658
713101,23.3222,88.0278
713102,23.3222,88.0278
713104,23.3222,88.0278
713121,23.1667,88.25
713122,23.1667,88.25
713123,23.1667,88.25
713129,23.1667,88.25
713130,23.3222,88.0278
713140,23.7,88.05
713141,23.3533,87.9833
713142,23.2167,87.6833
713144,23.3533,87.9833
713145,23.4333,88.1
713146,23.2,88.1167
713147,23.3533,87.9833
713148,23.3533,87.9833
713149,23.2167,87.9667
713151,23.3222,88.0278
713152,23.3222,88.0278
713154,23.3222,88.0278
713155,23.3222,88.0278
713156,23.3222,88.0278
713157,23.3222,88.0278
713160,23.3222,88.0278
713161,23.3222,88.0278
713162,23.3222,88.0278
713165,23.3222,88.0278
713166,23.3222,88.0278
713167,23.3222,88.0278
713168,23.3222,88.0278
713173,23.3222,88.0278
713174,23.3222,88.0278
713201,23.4621,87.5753
713202,23.4621,87.5753
713203,23.4621,87.5753
713206,23.4621,87.5753
713209,23.4621,87.5753
713210,23.4621,87.5753
713215,23.4621,87.5753
713301,23.6306,87.1196
713303,23.6306,87.1196
713304,23.6306,87.1196
713321,23.6,87.2
713322,23.6,87.2
713323,23.6,87.2
713325,23.6,87.2
713326,23.6,87.2
713330,23.7333,87.05
713331,23.8667,86.8667
713332,23.68,86.9233
713333,23.6833,86.8333
713334,23.68,86.9233
713335,23.68,86.9233
713336,23.68,86.9233
713337,23.6833,86.9833
713338,23.68,86.9233
713339,23.4333,86.8833
713340,23.7167,87.2833
713341,23.7167,87.2833
713342,23.7167,87.2833
713343,23.7167,87.2833
713344,23.7167,87.2833
713345,23.7167,87.2833
713346,23.7167,87.2833
713347,23.7167,87.2833
713357,23.7667,86.8833
713358,23.7667,86.8833
713359,23.7667,86.8833
713362,23.7583,87.05
713363,23.7583,87.05
713364,23.7583,87.05
713366,23.7333,87.0167
713367,23.7583,87.05
713368,23.7833,87.0833
713369,23.7583,87.05
713370,22.9361,88.2319
713371,22.9361,88.2319
713372,22.9361,88.2319
713376,22.9361,88.2319
713377,22.9361,88.2319
713378,22.9361,88.2319
713379,22.9361,88.2319
713380,23.6306,87.1196
713381,23.6306,87.1196
713382,23.6306,87.1196
713383,23.6306,87.1196
713384,23.6306,87.1196
713385,23.6306,87.1196
713387,23.6306,87.1196
713401,23.2056,88.0167
713402,23.2056,88.0167
713404,23.2056,88.0167
713405,23.2056,88.0167
713406,23.3333,87.7
713408,23.0667,87.9833
713409,23.2167,88.3667
713420,23.45,87.4333
713421,23.2083,87.7917
713422,23.2667,88.1333
713423,23.0833,87.8167
713426,23.2083,87.7917
713427,23.0333,87.7833
713428,23.2083,87.7917
713431,23.2071,87.8881
713433,23.2071,87.8881
713434,23.2071,87.8881
713501,24.2333,87.6833
713502,24.2333,87.6833
713512,24.2333,87.6833
713515,24.2333,87.6833
713516,24.2333,87.6833
713518,24.2333,87.6833
721101,22.484,87.4703
721121,22.8333,87.3333
721122,22.8333,87.3333
721134,22.3,87.5
721136,22.45,87.6167
721137,22.3,87.5
721138,22.0333,87.1833
721139,22.4167,87.7
721140,22.5347,87.4823
721141,22.7,87.0667
721142,22.5347,87.4823
721144,22.5347,87.4823
721145,22.6386,88.4458
721146,22.5347,87.4823
721147,22.6333,87.3333
721148,22.1667,87.0833
721149,22.5347,87.4823
721150,22.484,87.4703
721152,22.484,87.4703
721155,22.484,87.4703
721156,22.484,87.4703
721157,22.484,87.4703
721158,22.484,87.4703
721160,22.484,87.4703
722101,23.1119,87.0619
722102,23.1119,87.0619
722122,23.1119,87.0619
722132,23.1119,87.0619
722134,23.1119,87.0619
722135,23.1119,87.0619
722137,23.1119,87.0619
722138,23.1119,87.0619
722139,23.1119,87.0619
722142,23.4833,87.2167
722144,23.1333,87.2
722145,23.1611,87.0667
722146,23.1611,87.0667
722147,23.1611,87.0667
722148,22.8667,86.7833
722149,23.1611,87.0667
722150,22.7667,87.0333
722152,23.0333,87.1
722154,23.075,87.0583
722155,23.075,87.0583
722156,22.9667,87.1667
722158,23.5333,86.9333
722159,23.075,87.0583
722201,23.15,87.6167
722204,23.15,87.6167
722205,23.15,87.6167
722206,23.15,87.6167
722208,23.15,87.6167
731101,23.4919,87.5673
731102,23.4919,87.5673
731103,23.4919,87.5673
731121,23.8,87.3833
731123,23.8,87.3833
731124,23.8,87.3833
731126,23.8,87.3833
731127,23.8,87.3833
731128,23.8,87.3833
731130,23.95,87.3167
731131,23.9167,87.3417
731132,23.9167,87.3417
731134,23.8833,87.3667
731136,23.9167,87.3417
731137,23.9167,87.3417
731138,23.9167,87.3417
731139,23.9167,87.3417
731140,22.3342,88.2025
731141,22.3342,88.2025
731143,22.3342,88.2025
731145,22.3342,88.2025
731146,22.3342,88.2025
731214,23.9833,87.7667
731216,23.9833,87.7667
731217,23.9833,87.7667
731218,23.9833,87.7667
731220,24.3,87.8167
731221,24.3,87.8167
731222,24.3,87.8167
731224,24.3,87.8167
731233,23.95,87.6667
731234,23.95,87.6667
731237,23.95,87.6667
731238,23.95,87.6667
731239,23.95,87.6667
731240,22.9667,88.7833
731241,22.9667,88.7833
731243,22.9667,88.7833
731247,22.9667,88.7833
731250,23.8,88.0083
731253,23.8,88.0083
731255,23.8,88.0083
731284,23.8,88.0083
731301,23.8333,87.8167
731303,23.8333,87.8167
731304,23.8333,87.8167
734101,27.05,88.275
734103,27.05,88.275
734104,27.0167,88.2667
734105,27.0833,88.2833
734203,26.9222,88.2667
734204,26.9222,88.2667
734213,26.8667,88.2167
734214,26.9,88.1667
734215,26.8667,88.2167
734216,26.8667,88.2167
734217,26.8333,88.2667
734218,26.8667,88.2167
734222,27.0333,88.3667
734226,27.0333,88.3667
734301,27.15,88.6167
734311,27.15,88.6167
734313,27.15,88.6167
734314,27.15,88.6167
734316,27.15,88.6167
734401,26.6708,88.3208
734403,26.6708,88.3208
734404,26.6708,88.3208
734405,23.2167,87.9667
734421,26.7,88.3056
734422,26.7,88.3167
734426,26.7,88.3056
734428,26.7167,88.3833
734429,26.6833,88.2167
734430,26.5833,88.3667
734431,26.5833,88.3667
734433,26.5833,88.3667
734434,26.5833,88.3667
734435,26.5833,88.3667
734501,26.87,88.325
734502,26.87,88.325
735101,26.5167,88.7333
735102,26.5167,88.7333
735121,26.3333,88.7667
735122,26.3333,88.7667
735132,26.425,88.75
735135,26.425,88.75
735138,26.425,88.75
735139,26.425,88.75
735140,26.425,88.75
735201,26.875,88.7667
735202,26.875,88.7667
735205,26.875,88.7667
735206,26.8833,88.7833
735207,26.875,88.7667
735208,26.875,88.7667
735209,26.8667,88.75
735210,26.6611,89.3333
735211,26.5333,89.2
735213,26.6611,89.3333
735214,26.6611,89.3333
735215,26.75,89.35
735216,26.6611,89.3333
735217,26.7,89.45
735219,26.6611,89.3333
735220,26.9,88.9167
735221,26.9,88.9167
735222,26.9,88.9167
735223,26.9,88.9167
735224,26.9,88.9167
735225,26.9,88.9167
735226,26.9,88.9167
735227,26.9,88.9167
735228,26.9,88.9167
735229,26.9,88.9167
735230,26.95,88.7
735231,26.95,88.7
735233,26.95,88.7
735234,26.95,88.7
735235,26.95,88.7
735236,26.95,88.7
735238,26.95,88.7
735301,26.4167,88.9333
735302,26.4167,88.9333
735303,26.4167,88.9333
735304,26.4167,88.9333
735306,26.4167,88.9333
735307,26.4167,88.9333
736101,24.1222,88.8175
736102,24.1222,88.8175
736121,24.1222,88.8175
736122,24.1222,88.8175
736130,24.1222,88.8175
736131,24.1222,88.8175
736132,24.1222,88.8175
736133,22.1111,88.1683
736134,24.1222,88.8175
736135,26.1333,89.4667
736145,24.1222,88.8175
736146,24.1222,88.8175
736150,24.1222,88.8175
736156,24.1222,88.8175
736159,24.1222,88.8175
736160,24.1222,88.8175
736166,24.1222,88.8175
736168,24.1222,88.8175
736170,24.1222,88.8175
736171,24.1222,88.8175
736172,24.1222,88.8175
736201,24.1222,88.8175
736202,24.1222,88.8175
736203,24.1222,88.8175
736204,24.1222,88.8175
736206,24.1222,88.8175
736207,24.1222,88.8175
736208,24.1222,88.8175
736257,24.1222,88.8175
737101,27.3083,88.5583
737102,27.3083,88.5583
737103,27.3083,88.5583
737106,27.2333,88.6
737107,27.3833,88.5167
737111,27.25,88.15
737112,27.25,88.15
737113,27.25,88.15
737114,27.25,88.15
737116,27.25,88.15
737117,27.25,88.15
737118,27.25,88.15
737119,27.25,88.15
737120,27.1667,88.35
737121,27.1667,88.35
737122,27.1667,88.35
737126,27.1667,88.35
737127,27.1667,88.35
737128,27.1667,88.35
737131,27.2,88.5611
737132,27.1833,88.5333
737133,27.1833,88.65
737134,27.2333,88.5
737135,27.2,88.5611
737136,27.2,88.5611
737137,27.2,88.5611
737138,27.2,88.5611
741101,13.9463,92.1467
743440,22.6944,88.7803
744101,11.6667,92.7333
744102,11.6833,92.7167
744103,11.6667,92.7333
744104,11.6667,92.7333
744105,11.6667,92.7333
744106,11.65,92.75
744107,11.6667,92.7333
744201,12.7167,92.9
744202,13.2667,93
744203,12.9917,92.95
744204,12.9917,92.95
744205,12.9917,92.95
744206,12.9917,92.95
744207,12.9917,92.95
744208,12.9917,92.95
744209,12.9917,92.95
744210,12.9917,92.95
744211,12.9917,92.95
744301,12.1967,92.82
744302,12.1967,92.82
744303,12.1967,92.82
744304,12.1967,92.82
751001,20.8413,85.8176
751002,20.8413,85.8176
751003,20.8413,85.8176
751004,20.8413,85.8176
751005,20.8413,85.8176
751007,20.8413,85.8176
751008,20.8413,85.8176
751009,20.8413,85.8176
751010,20.8413,85.8176
751011,20.8413,85.8176
751012,20.8413,85.8176
751013,20.8413,85.8176
751014,20.8413,85.8176
751031,20.8413,85.8176
752001,20.1403,85.5
752002,20.1403,85.5
752006,20.1403,85.5
752014,20.0278,85.65
752015,20.0833,85.75
752017,20.0167,85.65
752018,20.0278,85.65
752019,19.9833,85.55
752020,20.05,85.5333
752022,20.1833,85.6444
752023,20.5667,85.9833
752024,19.9333,85.4167
752026,20.1833,85.6444
752028,20.1833,85.6444
752029,20.1833,85.6444
752032,20.1403,85.5
752033,20.1403,85.5
752034,20.1403,85.5
752035,20.1403,85.5
752037,20.1403,85.5
752044,20.1403,85.5
752045,20.1403,85.5
752046,20.1403,85.5
752050,20.1667,85.7
752054,20.2333,85.7167
752056,20.2,85.7083
752058,20.2,85.7083
752060,20.1167,85.6167
752061,20.125,85.3833
752067,20.125,85.3833
752068,20.1333,85.15
752069,20.125,85.3833
752070,20.1403,85.5
752079,20.1403,85.5
752080,20.05,85.0833
752081,20.2,84.9667
752082,20.2,84.9667
752084,20.35,84.85
752085,20.2,84.9667
752086,20.2,84.9667
752087,20.2,84.9667
752088,20.2,84.9667
752091,20.1403,85.5
752092,20.1403,85.5
752093,20.1403,85.5
752094,20.1403,85.5
752101,20.2833,85.8833
752102,20.08,86.0533
752105,20.05,85.8833
752106,20.0667,86.0167
752107,20.08,86.0533
752108,20.0167,86.2
752109,19.9833,86.2833
752110,19.9833,86.0167
752112,19.9833,86.0167
752119,19.9833,86.0167
752201,21.95,86.35
753001,20.8413,85.8176
753002,20.8413,85.8176
753003,20.8413,85.8176
753004,20.8413,85.8176
753006,20.8413,85.8176
753008,20.8413,85.8176
753009,20.8413,85.8176
753010,20.8413,85.8176
753011,20.8413,85.8176
753012,20.8413,85.8176
753013,20.8413,85.8176
753051,20.8413,85.8176
753052,20.8413,85.8176
754001,20.2167,85.7083
754004,20.15,86.05
754009,20.2833,85.3667
754010,20.3583,85.575
754011,20.3583,85.575
754012,20.3583,85.575
754013,20.3583,85.575
754014,20.3583,85.575
754015,20.3667,85.7667
754016,20.3583,85.575
754017,20.35,85.3833
754021,20.5167,85.9333
754023,20.6083,86.025
754024,20.7,86.1167
754025,20.6083,86.025
754026,20.6083,86.025
754027,20.6083,86.025
754028,20.6083,86.025
754030,20.4833,85.5167
754032,20.4667,85.0833
754034,20.4556,85.2556
754037,20.4167,85.1667
754070,20.4148,85.5981
754071,20.4148,85.5981
754102,20.15,86.2833
754103,20.15,86.2833
754104,20.15,86.2833
754106,20.15,86.2833
754107,20.15,86.2833
754108,20.15,86.2833
754109,20.15,86.2833
754113,20.2542,86.3
754114,20.2542,86.3
754115,20.2542,86.3
754116,20.2542,86.3
754117,20.2542,86.3
754118,20.2542,86.3
754119,20.2542,86.3
754132,20.3667,86.15
754133,20.2889,86.3056
754136,20.2889,86.3056
754137,20.3,86.3667
754139,20.2,86.4
754140,20.2542,86.3
754142,20.2542,86.3
754144,20.2542,86.3
754153,20.2542,86.3
754154,20.2542,86.3
754157,20.2542,86.3
754159,20.2542,86.3
754160,20.2542,86.3
754161,20.2542,86.3
754201,20.4833,86.1
754202,20.4833,86.1
754205,20.4833,86.1
754206,20.4833,86.1
754207,20.4833,86.1
754208,20.4833,86.1
754210,23.5167,74.7167
754211,20.4,85.3389
754214,20.4,85.3389
754215,20.4,85.3389
754216,20.4,85.3389
754217,20.4,85.3389
754220,20.4,86.4
754222,20.4,86.4
754224,20.4,86.4
754225,20.4,86.4
754226,20.4,86.4
754227,20.4,86.4
754228,20.4,86.4
754229,20.4,86.4
754231,20.4,85.3389
754232,20.4,85.3389
754233,20.4,85.3389
754235,20.4,85.3389
754238,20.4,85.3389
754240,20.3167,83.5167
754242,20.3167,83.5167
754243,20.3167,83.5167
754244,20.3167,83.5167
754246,20.3167,83.5167
754248,20.3167,83.5167
754250,20.4,85.3389
754260,20.4,85.3389
754280,20.4,85.3389
754281,20.4,85.3389
754288,20.4,85.3389
754289,20.4,85.3389
754292,20.4,85.3389
755001,20.8,86.2667
755006,20.8,86.2667
755007,20.8,86.2667
755008,20.8,86.2667
755009,20.8,86.2667
755010,20.8,86.5333
755011,20.8,86.5333
755014,20.8,86.5333
755015,20.8,86.5333
755019,20.8,86.5333
755020,20.8,86.0917
755021,20.8,86.0917
755023,20.8667,86.0667
755024,20.7333,86.1167
755026,20.8,86.0917
755027,20.8,86.0917
755028,20.8,86.0917
755030,20.8528,86.1167
755031,20.8528,86.1167
755032,20.8528,86.1167
755035,20.8528,86.1167
755036,20.8528,86.1167
755037,20.8528,86.1167
755041,20.9583,85.8583
755042,20.9583,85.8583
755043,20.9583,85.8583
755044,20.9583,85.8583
755046,20.8833,85.95
755047,21.0333,85.7667
755048,20.9583,85.8583
755050,20.8528,86.1167
756001,21.6857,87.269
756003,21.6857,87.269
756017,21.6857,87.269
756022,21.5889,87.1611
756024,21.6333,87.1833
756025,21.4667,87.0167
756026,21.6667,87.2833
756027,21.5889,87.1611
756030,21.7889,87.3222
756032,21.7889,87.3222
756033,21.9,87.2
756034,21.7889,87.3222
756035,21.7667,87.35
756036,21.7,87.4167
756037,21.7889,87.3222
756040,21.6667,87.4333
756041,21.6667,87.4333
756042,21.6667,87.4333
756043,21.6667,87.4333
756044,21.6667,87.4333
756045,21.6667,87.4333
756046,21.6667,87.4333
756047,21.6667,87.4333
756049,21.6667,87.4333
756053,21.6857,87.269
756054,21.6857,87.269
756057,21.6857,87.269
756058,21.6857,87.269
756071,21.6857,87.269
756072,21.6857,87.269
756073,21.6857,87.269
756074,21.6857,87.269
756075,21.6857,87.269
756076,21.6857,87.269
756077,21.6857,87.269
756078,21.6857,87.269
756079,21.6857,87.269
756080,21.6857,87.269
756081,21.6857,87.269
756082,21.6857,87.269
756084,21.6857,87.269
756101,20.9813,84.0822
756110,21.15,76.15
756111,21.15,76.15
756116,21.15,76.15
756117,21.15,76.15
756121,20.996,86.706
756122,20.996,86.706
756123,21.0586,86.6119
756124,20.996,86.706
756129,20.9333,86.8
756130,20.7833,86.7667
756133,20.7833,86.7667
756134,20.7833,86.7667
756135,20.7833,86.7667
756136,20.7833,86.7667
756137,20.7833,86.7667
756138,20.7833,86.7667
756139,20.7833,86.7667
756140,20.9813,84.0822
756141,20.9813,84.0822
756143,20.9813,84.0822
756162,20.9813,84.0822
756164,20.9813,84.0822
756166,20.9813,84.0822
756181,20.9813,84.0822
757001,21.7342,86.4763
757003,21.7342,86.4763
757014,21.7342,86.4763
757016,21.7342,86.4763
757018,21.7342,86.4763
757021,22.05,86.8167
757023,21.851,86.8765
757024,21.851,86.8765
757028,21.6519,86.9364
757035,21.9667,85.85
757036,21.7408,86.001
757038,21.515,86.1519
757041,21.5742,86.565
757043,22.0247,86.2494
757045,22.0247,86.2494
757046,22.4,86.0833
757047,22.1,86.1
757050,21.7833,87.1333
757051,21.7833,87.1333
757054,21.7833,87.1333
757055,21.7833,87.1333
757071,20.5667,86.65
757072,20.5667,86.65
757073,20.5667,86.65
757078,20.5667,86.65
757079,20.5667,86.65
757082,21.7342,86.4763
757101,21.7342,86.4763
757104,21.7342,86.4763
757106,21.7342,86.4763
758001,21.6017,85.8877
758013,21.6017,85.8877
758014,21.6017,85.8877
758015,21.6017,85.8877
758016,21.6017,85.8877
758017,21.6017,85.8877
758019,21.6017,85.8877
758020,21.3533,86.181
758021,21.3533,86.181
758022,21.3533,86.181
758023,21.3533,86.181
758026,21.31,86.8764
758027,21.4,85.8833
758028,21.35,85.7833
758032,21.6017,85.8877
758041,22.0833,85.6667
758042,22.0833,85.6667
758043,22.0833,85.6667
758045,22.0833,85.6667
758046,22.0833,85.6667
758048,22.0833,85.6667
758049,22.0833,85.6667
758052,22.0333,85.5
758053,22.0333,85.5
758054,22.0333,85.5
758061,21.6017,85.8877
758062,21.6017,85.8877
758071,21.4333,85.6167
758073,21.4333,85.6167
758074,21.4333,85.6167
758078,21.4333,85.6167
758079,21.4333,85.6167
758081,21.6017,85.8877
759001,20.7278,85.3556
759014,20.9333,85.55
759018,20.9333,85.55
759019,20.9333,85.55
759020,20.625,85.2583
759021,20.6333,85.3167
759022,20.6167,85.2
759025,20.625,85.2583
759026,20.625,85.2583
759028,20.625,85.2583
759029,20.625,85.2583
759030,20.7278,85.3556
759032,20.7278,85.3556
759034,20.7278,85.3556
759036,20.7278,85.3556
759037,20.7278,85.3556
759039,20.7278,85.3556
759101,20.9381,84.8762
759102,20.9381,84.8762
759103,20.9381,84.8762
759104,20.9381,84.8762
759106,20.9381,84.8762
759107,20.9381,84.8762
759116,20.9381,84.8762
759117,20.9381,84.8762
759119,20.9381,84.8762
759120,20.9167,85.3167
759122,21.0083,85.0917
759123,21.0083,85.0917
759124,21.1,84.8667
759126,21.0083,85.0917
759131,20.7333,84.8667
759132,20.8778,84.8389
759134,20.95,84.6833
759136,20.95,84.9667
759138,20.8778,84.8389
759141,21.1,84.8167
759142,20.8167,84.6167
759143,20.9583,84.7167
759144,20.9583,84.7167
759145,20.9583,84.7167
760001,20.2327,83.858
760002,20.2327,83.858
760004,20.2327,83.858
760005,20.2327,83.858
760006,20.2327,83.858
760007,20.2327,83.858
760008,20.2327,83.858
760009,20.2327,83.858
760010,20.2327,83.858
760031,20.2327,83.858
760032,20.2327,83.858
760034,20.2327,83.858
761001,19.1667,84.7167
761004,19.1667,84.7167
761005,19.1667,84.7167
761006,19.1667,84.7167
761007,19.1667,84.7167
761008,19.1667,84.7167
761009,19.1667,84.7167
761010,19.2,84.6167
761013,19.2583,84.45
761016,19.2583,84.45
761017,19.3167,84.2833
761020,19.4222,84.9889
761025,19.4222,84.9889
761026,19.3167,84.7833
761027,19.4333,85.0833
761028,19.5167,85.1
761033,19.35,84.7833
761034,19.35,84.7833
761036,19.35,84.7833
761038,19.35,84.7833
761039,19.35,84.7833
761040,19.5167,84.8167
761041,19.5167,84.8167
761043,19.5167,84.8167
761051,19.3333,84.8667
761052,19.3333,84.8667
761053,19.3333,84.8667
761056,19.3333,84.8667
761101,19.4833,84.75
761102,19.4833,84.75
761105,19.4833,84.75
761107,19.4833,84.75
761110,19.8375,84.7042
761111,19.8375,84.7042
761118,19.8375,84.7042
761119,19.8375,84.7042
761121,19.7833,84.6167
761122,19.7833,84.6167
761123,19.7833,84.6167
761124,19.7833,84.6167
761125,19.7833,84.6167
761135,19.9833,84.8833
761138,19.9833,84.8833
761139,19.9833,84.8833
761140,20.1,84.5667
761141,20.1,84.5667
761145,20.1,84.5667
761151,19.8375,84.7042
761201,19.5125,84.7569
761211,19.5125,84.7569
761212,19.5125,84.7569
761214,19.5125,84.7569
761215,19.5125,84.7569
761217,19.5125,84.7569
762001,20.3867,84.2267
762010,20.2333,84.35
762011,20.35,84.1167
762014,20.3778,84.0389
762016,20.3778,84.0389
762017,20.3778,84.0389
762018,20.55,83.65
762019,20.3778,84.0389
762021,20.6333,84.6
762022,20.1667,84.4167
762026,20.4,84.5083
762027,20.4,84.5083
762028,20.4,84.5083
762030,20.3867,84.2267
762101,20.0667,84.2333
762104,19.9,84.1333
762106,19.9833,84.1833
762107,19.9833,84.1833
762111,19.9833,84.1833
762112,19.9833,84.1833
763003,20.2327,83.858
763008,20.2327,83.858
764001,18.52,82.4767
764002,18.52,82.4767
764003,18.52,82.4767
764004,18.52,82.4767
764005,18.52,82.4767
764008,18.52,82.4767
764021,18.52,82.4767
764037,18.5667,82.75
764038,18.3667,82.6833
764040,18.52,82.4767
764041,18.52,82.4767
764042,18.52,82.4767
764045,18.52,82.4767
764046,18.52,82.4767
764047,18.52,82.4767
764048,18.52,82.4767
764049,18.52,82.4767
764051,18.25,82.1333
764052,18.1167,82.0833
764055,18.1833,82.1083
764059,18.1833,82.1083
764069,18.52,82.4767
764070,19.3,82.7333
764071,19.3,82.7333
764072,19.3,82.7333
764073,19.3,82.7333
764074,19.3,82.7333
764077,19.3,82.7333
764078,19.3,82.7333
764081,18.52,82.4767
764083,18.52,82.4767
764084,18.52,82.4767
764085,18.52,82.4767
765001,19.1833,83.7833
765013,19.1833,83.7833
765014,19.1833,83.7833
765016,19.1833,83.7833
765017,19.1833,83.7833
765018,19.1833,83.7833
765021,19.1833,83.7833
765024,19.1833,83.7833
765025,19.1833,83.7833
765028,19.1833,83.7833
765029,19.1833,83.7833
765030,19.1833,83.7833
765031,19.1833,83.7833
765032,19.1833,83.7833
766001,19.8167,82.9917
766011,20.1,83.1667
766012,19.9833,82.975
766013,19.9833,82.975
766015,19.8667,82.7833
766016,19.9833,82.975
766017,19.9833,82.975
766018,19.9833,82.975
766021,19.65,83.0083
766022,19.65,83.0083
766023,19.65,83.0083
766024,19.65,83.0083
766025,19.65,83.0083
766027,19.7167,83.3833
766028,19.5833,82.6333
766103,19.8167,82.9917
766105,19.8167,82.9917
766109,19.8167,82.9917
766110,19.8167,82.9917
766112,19.8167,82.9917
766113,19.8167,82.9917
766114,19.8167,82.9917
767001,20.6278,83.2667
767002,20.6278,83.2667
767016,20.6278,83.2667
767017,20.6278,83.2667
767020,20.8667,83.5167
767021,20.9667,83.5333
767022,21.0167,83.4
767024,20.85,83.4
767025,20.7167,83.15
767029,21.1608,86.0297
767032,20.4333,83.3333
767033,20.3,83.15
767034,20.4056,83.1333
767038,20.4056,83.1333
767039,20.4833,82.9167
767041,20.6278,83.2667
767043,20.6278,83.2667
767044,20.6278,83.2667
767049,20.6278,83.2667
767062,20.6278,83.2667
767065,20.6278,83.2667
767067,20.6278,83.2667
767068,20.6278,83.2667
768001,21.1417,83.4417
768004,21.1417,83.4417
768016,21.5167,83.8667
768018,21.5167,83.8667
768026,21.1417,83.4417
768031,20.9167,82.8
768034,20.9167,82.8
768036,20.9167,82.8
768037,20.9167,82.8
768039,20.9167,82.8
768040,21.05,83.4
768044,21.05,83.4
768047,21.0167,83.4
768048,21.0833,83.4
768049,21.05,83.4
768050,21.1583,83.5917
768051,21.1583,83.5917
768053,21.7667,83.7667
768054,20.55,83.4167
768102,20.85,83.1833
768106,21.1917,83.9583
768107,21.1917,83.9583
768108,21.5333,84.7333
768111,21.2611,84.3556
768113,21.2667,83.9167
768114,21.4,84.9333
768115,21.2611,84.3556
768116,21.2611,84.3556
768117,21.1167,84.2167
768118,21.2611,84.3556
768120,21.2333,84.1967
768121,21.2333,84.1967
768151,21.2333,84.1967
768201,21.8333,84.05
768203,21.8333,84.05
768204,21.8333,84.05
768205,21.8333,84.05
768211,21.8833,84.2
768214,21.8833,84.2
768215,21.8833,84.2
768219,21.8833,84.2
768220,21.8833,83.9333
768224,21.8833,83.9333
768225,21.8833,83.9333
768226,21.8833,83.9333
768229,21.8833,83.9333
768230,21.7333,84.0167
768231,21.7333,84.0167
768232,21.7333,84.0167
769001,22.25,84.8
769004,22.25,84.8
769008,22.25,84.8
769010,22.25,84.8
769012,22.25,84.8
769013,22.25,84.8
769014,22.25,84.8
769015,22.25,84.8
769041,22.25,84.8
769043,22.25,84.8
770001,22.1667,83.9917
770002,22.1667,83.9917
770011,22.1667,83.9917
770012,22.1667,83.9917
770013,22.1667,83.9917
770017,22.1667,83.9917
770020,21.9667,83.8667
770021,21.9667,83.8667
770023,21.9667,83.8667
770027,21.9667,83.8667
770029,21.9667,83.8667
770031,22.1667,83.9917
770032,22.1667,83.9917
770033,22.1667,83.9917
770034,22.1667,83.9917
770037,22.1667,83.9917
770040,22.1667,83.9917
770042,22.1667,83.9917
770045,22.1667,83.9917
770047,22.1667,83.9917
770049,22.1667,83.9917
770050,22.1667,83.9917
770052,22.1667,83.9917
770071,22.3667,84.1167
770072,22.3667,84.1167
770074,22.3667,84.1167
770075,22.3667,84.1167
770076,22.3667,84.1167
781001,26.2546,91.5444
781003,26.2546,91.5444
781004,26.2546,91.5444
781005,26.1425,91.7889
781006,26.2546,91.5444
781007,26.3667,91.3
781008,26.2546,91.5444
781010,26.1667,91.7083
781011,26.1679,91.6917
781012,26.1692,91.675
781013,26.1679,91.6917
781014,26.1679,91.6917
781015,26.1679,91.6917
781016,26.1679,91.6917
781017,26.1679,91.6917
781019,26.1679,91.6917
781020,26.1833,91.8
781021,26.1417,91.8083
781022,26.1,91.8167
781023,26.1417,91.8083
781025,26.1417,91.8083
781026,26.1417,91.8083
781027,26.1417,91.8083
781030,26.2014,91.7236
781031,26.1847,91.6692
781037,26.1931,91.6964
781101,26.2833,91.7
781102,26.25,91.5333
781103,26.1681,91.5711
781120,25.9167,91.4833
781124,26.05,91.4
781125,26.1361,91.5486
781126,26.0678,91.3928
781127,26.1,90.9833
781128,26.1361,91.5486
781129,26.0678,91.3928
781130,25.95,91.15
781131,25.95,91.15
781132,25.95,91.15
781133,25.95,91.15
781135,25.95,91.15
781136,25.95,91.15
781150,26.11,91.4354
781171,26.11,91.4354
781301,26.4778,91.2333
781302,26.4778,91.2333
781303,26.4778,91.2333
781304,26.4778,91.2333
781305,26.4778,91.2333
781306,26.4778,91.2333
781307,26.4778,91.2333
781308,26.4778,91.2333
781310,26.4667,90.9167
781314,26.4667,90.9167
781315,26.4667,90.9167
781316,26.4333,90.9667
781317,26.5,90.8667
781318,26.4667,90.9167
781319,26.4667,90.9167
781320,26.5167,91.2667
781321,26.5167,91.2667
781325,26.5167,91.2667
781326,26.5167,91.2667
781327,26.5167,91.2667
781328,26.5167,91.2667
781329,26.5167,91.2667
781330,26.4778,91.2333
781335,26.4778,91.2333
781336,26.4778,91.2333
781337,26.4778,91.2333
781338,26.4778,91.2333
781345,26.5333,91.3333
781346,26.5333,91.3333
781347,26.5333,91.3333
781348,26.5333,91.3333
781349,26.5333,91.3333
781350,26.4667,91.6333
781351,26.4667,91.6333
781353,26.4667,91.6333
781354,26.4667,91.6333
781364,26.4778,91.2333
781365,26.4778,91.2333
781366,26.4778,91.2333
781367,26.4778,91.2333
781368,26.4778,91.2333
781369,26.4778,91.2333
781370,26.4167,91.3333
781371,26.4167,91.3333
781372,26.4167,91.3333
781373,26.4167,91.3333
781374,26.4167,91.3333
781375,26.4167,91.3333
781376,26.4167,91.3333
781377,26.4167,91.3333
781378,26.4167,91.3333
781380,26.4778,91.2333
781381,26.4778,91.2333
781382,26.4778,91.2333
781385,26.4778,91.2333
782001,26.3056,92.7565
782002,26.3056,92.7565
782010,26.3056,92.7565
782101,26.45,90.8667
782103,26.45,90.8667
782104,26.45,90.8667
782105,26.45,90.8667
782107,26.45,90.8667
782108,26.45,90.8667
782120,26.4389,92.5167
782122,26.4389,92.5167
782123,26.4667,92.4667
782124,26.4389,92.5167
782125,26.4167,92.7333
782126,26.4389,92.5167
782127,26.4333,92.35
782130,26.3917,92.9167
782135,26.3333,92.8667
782136,26.3917,92.9167
782138,26.3917,92.9167
782139,26.45,92.9667
782140,26.4167,92.85
782141,26.35,92.8
782142,27.1333,94.3333
782143,26.6167,92.9333
782401,26.0542,92.8062
782403,26.0542,92.8062
782410,26.1667,92.35
782411,26.1667,92.35
782412,26.1667,92.35
782425,26.2,92.5333
782426,26.2,92.6333
782427,26.1833,92.7333
782428,26.1,92.7333
782435,26,92.8667
782439,26,92.8667
782440,25.75,93.1667
782445,25.75,93.1667
782446,25.75,93.1667
782447,25.75,93.1667
782448,25.75,93.1667
782450,26.0542,92.8062
782460,25.8333,93.4333
782461,25.8333,93.4333
782470,26.0542,92.8062
782475,26.0542,92.8062
782481,26.0542,92.8062
782482,26.0542,92.8062
782485,26.0542,92.8062
782486,26.0542,92.8062
783101,26.1667,90.6167
783120,26.0833,90.55
783121,25.9889,90.5444
783122,25.9889,90.5444
783123,25.9667,91.0667
783124,25.9889,90.5444
783125,25.9889,90.5444
783127,25.9167,90.0167
783129,25.9889,90.5444
783130,26.0333,90.5625
783131,26.0333,90.5625
783132,26.0333,90.5625
783133,26.0333,90.5625
783134,26.0333,90.5625
783301,26.3095,90.2155
783325,26.3095,90.2155
783330,25.9667,90.0333
783331,26.2083,89.9222
783332,26.3,89.85
783333,26.35,89.9
783334,26.1,89.8333
783335,26.2,89.7833
783337,26.3333,90.1333
783338,26.2083,89.9222
783339,26.2083,89.9222
783344,26.4333,90.15
783345,26.3833,90.1333
783346,26.4333,90.15
783347,26.4833,90.1667
783350,26.3095,90.2155
783351,26.3095,90.2155
783360,26.3095,90.2155
783361,26.3095,90.2155
783362,26.3095,90.2155
783371,26.2667,90.4667
783372,26.4667,90.4
783373,26.55,90.4667
783374,26.4278,90.4444
783381,26.3111,90.6167
783382,26.2333,90.5833
783383,26.3667,90.6
783384,26.3333,90.6667
783385,26.3111,90.6167
783386,26.3111,90.6167
783387,26.3111,90.6167
783388,26.3111,90.6167
783391,26.3095,90.2155
783392,26.3095,90.2155
784001,26.7696,92.6559
784025,26.7696,92.6559
784101,26.8333,92.7333
784102,26.85,92.75
784103,26.8667,92.7667
784104,26.85,92.75
784110,26.7,92.5
784111,26.6333,92.35
784112,26.6333,92.35
784115,26.6333,92.35
784116,26.5667,92.2
784117,26.6333,92.35
784118,26.6333,92.35
784119,26.6333,92.35
784120,26.6,92.4833
784125,26.6,92.4833
784144,26.8111,93.0611
784145,26.8111,93.0611
784147,26.8111,93.0611
784149,26.8111,93.0611
784151,26.8111,93.0611
784152,26.8111,93.0611
784154,26.8111,93.0611
784160,27.1167,93.9333
784162,26.9333,93.9667
784163,26.9333,93.7167
784164,26.9333,93.7167
784165,26.9333,93.7167
784166,26.8,93.3333
784167,26.9333,93.7167
784168,26.8833,93.6333
784170,26.8111,93.0611
784171,26.8111,93.0611
784172,26.8111,93.0611
784173,26.8111,93.0611
784174,26.8111,93.0611
784175,26.8111,93.0611
784176,26.8111,93.0611
784178,26.8111,93.0611
784179,26.8111,93.0611
784180,26.8111,93.0611
784181,26.8111,93.0611
784182,26.8111,93.0611
784183,26.8111,93.0611
784184,26.8111,93.0611
784185,26.8111,93.0611
784189,26.8111,93.0611
784503,26.7667,92.3933
784504,26.7667,92.3933
784505,26.8167,92.65
784506,26.8,92.6
784507,26.75,92.35
784508,26.7,92.2333
784509,26.7667,92.1333
784510,26.7229,92.2
784514,26.7229,92.2
784521,26.65,91.8778
784522,26.6333,91.8333
784523,26.65,91.8778
784524,26.65,91.8778
784525,26.5833,91.9667
784526,26.7333,91.8333
784527,26.65,91.8778
785001,26.6843,94.2648
785004,26.6843,94.2648
785005,26.6843,94.2648
785006,26.6843,94.2648
785007,26.6843,94.2648
785008,26.6843,94.2648
785009,26.6843,94.2648
785010,26.6843,94.2648
785011,26.6843,94.2648
785013,26.6843,94.2648
785014,26.6843,94.2648
785015,26.6843,94.2648
785101,26.8333,94.1333
785102,26.8333,94.1333
785103,26.8333,94.1333
785104,26.8333,94.1333
785105,26.8333,94.1333
785106,26.8333,94.1333
785107,26.8333,94.1333
785108,26.8333,94.1333
785109,26.8333,94.1333
785110,26.8333,94.4167
785111,26.8333,94.4167
785112,26.8333,94.4167
785113,26.8333,94.4167
785601,26.2083,93.8417
785602,26.3,93.8667
785603,26.2083,93.8417
785604,26.1167,93.8167
785610,26.4667,93.9833
785611,26.5958,93.875
785613,26.5833,93.8
785614,26.7,93.9667
785615,26.6333,93.75
785616,26.5958,93.875
785617,26.5958,93.875
785618,26.5958,93.875
785619,26.5958,93.875
785620,26.5167,93.9667
785621,26.5167,93.9667
785622,26.5167,93.9667
785625,26.5167,93.9667
785626,26.5167,93.9667
785630,26.6,94.2
785631,26.45,94.15
785632,26.6125,94.2667
785633,26.6125,94.2667
785634,26.6667,94.3333
785635,26.7333,94.3833
785636,26.6125,94.2667
785640,26.6656,94.2635
785661,27.1833,94.9333
785662,27.1833,94.9333
785663,27.1833,94.9333
785664,27.1833,94.9333
785665,27.1833,94.9333
785666,27.1833,94.9333
785668,27.1833,94.9333
785669,27.1833,94.9333
785670,26.6656,94.2635
785671,26.6656,94.2635
785672,26.6656,94.2635
785673,26.6656,94.2635
785674,26.6656,94.2635
785675,26.6656,94.2635
785676,26.6656,94.2635
785680,26.8,94.5333
785681,26.8778,94.6778
785682,26.8778,94.6778
785683,26.8778,94.6778
785684,26.8778,94.6778
785685,26.9167,94.7333
785686,26.9167,94.7667
785687,26.8778,94.6778
785688,26.8778,94.6778
785689,26.8778,94.6778
785690,27.0667,95.0333
785692,27.0667,95.0333
785694,27.0667,95.0333
785695,27.0667,95.0333
785696,27.0667,95.0333
785701,26.6843,94.2648
786001,27.25,95.5792
786002,27.25,95.5792
786003,27.25,95.5792
786004,27.25,95.5792
786005,27.25,95.5792
786007,27.25,95.5792
786008,27.25,95.5792
786010,27.25,95.5792
786012,27.25,95.5792
786052,27.25,95.5792
786053,27.25,95.5792
786054,27.25,95.5792
786101,27.3833,95.1667
786102,27.3833,95.1667
786103,27.3833,95.1667
786110,27.3278,95.5833
786125,27.3278,95.5833
786145,27.3278,95.5833
786146,27.3278,95.5833
786147,27.3278,95.5833
786148,27.3278,95.5833
786150,27.3278,95.5833
786151,27.3278,95.5833
786152,27.3278,95.5833
786153,27.3278,95.5833
786154,27.3278,95.5833
786155,27.3278,95.5833
786157,27.3278,95.5833
786158,27.3278,95.5833
786159,27.3278,95.5833
786170,27.3278,95.5833
786171,27.3278,95.5833
786172,27.3278,95.5833
786173,27.3278,95.5833
786180,27.3167,95.9
786181,27.2833,95.6833
786182,27.3,95.7917
786183,27.3,95.7917
786184,27.3,95.7917
786185,27.3,95.7917
786186,27.3,95.7917
786601,27.0167,95.5667
786602,27.0167,95.5667
786610,27.0167,95.5667
786611,27.0167,95.5667
786612,27.0167,95.5667
786613,27.0167,95.5667
786614,27.0167,95.5667
786615,27.0167,95.5667
786616,27.0167,95.5667
786621,27.0167,95.5667
786622,27.0167,95.5667
786623,27.0167,95.5667
786624,27.0167,95.5667
786630,27.0167,95.5667
786631,27.0167,95.5667
787001,27.3722,94.45
787028,27.3722,94.45
787029,27.3722,94.45
787030,27.3722,94.45
787032,27.3722,94.45
787051,27.3722,94.45
787052,27.3722,94.45
787053,27.3722,94.45
787054,27.3722,94.45
787055,27.2,94.4667
787056,27.4333,94.3
787057,27.4833,94.5833
787058,27.3722,94.45
787059,27.3722,94.45
787060,27.3722,94.45
788001,24.8667,92.7667
788002,24.8667,92.7667
788003,24.8667,92.7667
788004,24.8667,92.7667
788005,24.8667,92.7667
788006,24.8667,92.7667
788007,24.8667,92.7667
788009,24.8667,92.7667
788010,24.8667,92.7667
788011,24.8667,92.7667
788013,24.8667,92.7667
788014,24.8667,92.7667
788015,24.8667,92.7667
788019,24.8667,92.7667
788025,24.8667,92.7667
788030,24.8667,92.7667
788098,24.8667,92.7667
788099,24.8667,92.7667
788101,24.7833,93.1
788102,24.7833,93.1
788103,24.7833,93.1
788104,24.7833,93.1
788106,24.7833,93.1
788107,24.7833,93.1
788111,24.9333,92.7667
788112,24.7667,92.7889
788113,24.65,92.7
788114,24.7667,92.7889
788115,24.7667,92.7889
788116,24.7667,92.7889
788117,24.7667,92.7889
788119,24.7167,92.9
788121,24.7194,92.7722
788122,24.7194,92.7722
788123,24.7194,92.7722
788124,24.7194,92.7722
788125,24.7194,92.7722
788145,24.7194,92.7722
788150,24.6833,92.5667
788151,24.6833,92.5667
788152,24.6833,92.5667
788155,24.6833,92.5667
788156,24.6833,92.5667
788160,24.55,92.6
788161,24.55,92.6
788163,24.55,92.6
788164,24.55,92.6
788165,24.55,92.6
788166,24.55,92.6
788167,24.55,92.6
788169,24.55,92.6
788702,24.75,92.35
788705,24.75,92.35
788706,24.75,92.35
788708,24.75,92.35
788710,24.75,92.35
788711,24.75,92.35
788716,24.75,92.35
788719,24.75,92.35
788720,24.75,92.35
788721,24.75,92.35
788722,24.75,92.35
788723,24.75,92.35
788724,24.75,92.35
788725,24.75,92.35
788726,24.75,92.35
788727,24.75,92.35
788729,24.75,92.35
788731,24.75,92.35
788733,24.75,92.35
788734,24.75,92.35
788735,24.75,92.35
788736,24.75,92.35
788737,24.75,92.35
788781,24.75,92.35
788790,24.75,92.35
788801,24.9,92.6
788802,24.9,92.6
788803,24.9,92.6
788805,24.9,92.6
788806,24.9,92.6
788808,24.9,92.6
788812,25.075,92.8
788814,25.075,92.8
788815,24.9667,92.5667
788816,25.075,92.8
788817,25.075,92.8
788818,25.075,92.8
788819,25.1833,93.0333
788830,25.1667,93.1167
788831,25.3,93.1667
788832,25.5,93.1167
788834,25.3222,93.1333
790001,27.25,92.4
790002,27.1,92.1333
790101,27.3333,92.2667
790102,27.4583,92.0667
790103,27.4583,92.0667
790104,27.5833,91.8667
790114,27.4583,92.0667
790115,27.4583,92.0667
791001,28.1667,94.7667
791002,28.1667,94.7667
791101,27.9833,94.6667
791102,28.0667,95.3333
791103,28.025,95
791104,28.025,95
791111,27.15,93.75
791112,27.15,93.75
791113,27.15,93.75
791120,27.6333,93.8333
791121,27.6333,93.8333
791122,27.6333,93.8333
792001,27.9167,96.1667
792051,28.9667,94.8667
792055,28.9667,94.8667
792101,28.0833,96.55
792102,28.0833,96.55
792103,28.0833,96.55
792104,28.0833,96.55
792110,27.8333,95.8667
792111,27.8333,95.8667
792120,27.3917,96.1417
792121,27.3917,96.1417
792122,27.4833,96.1833
792123,27.3,96.1
793001,25.4643,91.7571
793002,25.4643,91.7571
793003,25.4643,91.7571
793004,25.4643,91.7571
793005,25.4643,91.7571
793006,25.4643,91.7571
793007,25.4643,91.7571
793008,25.4643,91.7571
793009,25.4643,91.7571
793010,25.4643,91.7571
793011,25.4643,91.7571
793012,25.4643,91.7571
793013,25.4643,91.7571
793014,25.4643,91.7571
793021,25.4643,91.7571
793025,25.4643,91.7571
793101,25.6,91.7917
793102,25.9,91.8833
793103,25.6,91.7917
793104,25.6,91.7917
793105,25.6,91.7917
793106,25.6,91.7917
793107,25.6,91.7917
793108,25.3,91.7
793109,25.6,91.7917
793110,25.3167,91.9
793111,25.3778,91.5833
793112,25.3778,91.5833
793113,25.3,91.5833
793119,25.5167,91.2667
793120,25.4667,91.7667
793121,25.4667,91.7667
793122,25.4667,91.7667
793150,25.45,92.2
794001,25.45,90.3667
794002,25.45,90.3667
794005,25.45,90.3667
794101,25.3,89.85
794102,25.3,89.85
794103,25.3,89.85
794104,25.3,89.85
794105,25.3,89.85
794106,25.3,89.85
794107,25.3,89.85
794108,25.3,89.85
794109,25.3,89.85
794110,25.6,90.8833
794111,25.6,90.8833
794112,25.6,90.8833
795001,24.8512,93.8464
795002,24.8512,93.8464
795003,24.8512,93.8464
795004,24.8512,93.8464
795010,24.8512,93.8464
795011,24.8512,93.8464
795101,25.3583,94.075
795102,25.3583,94.075
795103,25.3583,94.075
795104,25.3583,94.075
795105,25.4167,94.1
795106,25.3,94.05
795115,24.8512,93.8464
795116,24.8512,93.8464
795120,24.6944,93.7944
795121,24.6944,93.7944
795122,25.1167,93.95
795123,24.6944,93.7944
795124,24.6944,93.7944
795125,24.6944,93.7944
795126,24.6333,93.7667
795127,24.6944,93.7944
795128,24.3333,93.6667
795129,24.6944,93.7944
795130,24.5833,93.8889
795131,24.5833,93.8889
795132,24.6167,93.8833
795133,24.5,93.7667
795134,24.5833,93.8889
795135,24.5833,93.8889
795136,24.5833,93.8889
795137,24.5833,93.8889
795138,24.6333,94.0167
795139,24.5833,93.8889
795140,24.75,93.8833
795141,24.9667,93.55
795142,25.1167,94.3667
795143,24.2833,93.2833
795144,24.7733,93.7033
795145,24.7733,93.7033
795146,24.7733,93.7033
795147,24.75,93.4333
795150,25.5,94.1333
795151,25.5,94.1333
795158,25.5,94.1333
796001,23.75,92.75
796005,23.75,92.75
796007,23.75,92.75
796009,23.75,92.75
796012,23.75,92.75
796015,23.75,92.75
796017,23.75,92.75
796025,23.75,92.75
796031,23.75,92.75
796070,23.75,92.75
796081,23.75,92.75
796101,23.6583,92.8667
796111,24.0167,92.9
796161,23.6583,92.8667
796181,23.3,92.8333
796190,23.6583,92.8667
796230,23.4,92.75
796261,23.9667,92.5833
796290,23.6833,92.6667
796310,23.6167,92.6
796321,23.6167,92.6
796370,23.6167,92.6
796410,23.8,92.6667
796441,23.8,92.6667
796471,23.8,92.6667
796571,23.4056,92.6931
796629,23.8333,92.4833
796691,23.8333,92.4833
796701,22.8833,92.7333
796710,22.9,92.5944
796730,22.9,92.5833
796751,22.9167,92.4667
796770,22.9,92.5944
796901,22.4833,92.9667
797001,25.8583,94.2
797101,25.7778,94.1778
797102,25.6333,94.4
797103,25.7778,94.1778
797104,25.7778,94.1778
797105,25.7778,94.1778
797106,25.7667,93.9
797107,25.7778,94.1778
797108,25.7778,94.1778
797109,25.9333,94.2333
797110,26.1,94.2667
797111,26.1,94.2667
797112,26.1,94.2667
797121,25.8583,94.2
797122,25.8583,94.2
797123,25.8583,94.2
797124,25.8583,94.2
797125,25.8583,94.2
797126,25.8583,94.2
797127,25.8583,94.2
798601,26.3333,94.5333
798611,26.2833,94.8333
798612,26.2833,94.8333
798613,26.2833,94.8333
798614,26.2833,94.8333
798615,26.2833,94.8333
798616,26.2833,94.8333
798617,26.2833,94.8333
798618,26.2833,94.8333
798619,26.2833,94.8333
798620,25.9667,94.5167
798621,26.75,95.1
798622,26.3583,94.8083
798623,26.3583,94.8083
798626,26.3583,94.8083
798627,26.3583,94.8083
798628,26.3583,94.8083
798629,26.3583,94.8083
798630,26.3333,94.7458
798631,26.3333,94.7458
798632,26.3333,94.7458
799001,23.6167,91.3667
799002,23.6167,91.3667
799003,23.6167,91.3667
799004,23.6167,91.3667
799005,23.6167,91.3667
799006,23.6167,91.3667
799007,23.6167,91.3667
799008,23.6167,91.3667
799009,23.6167,91.3667
799010,23.6167,91.3667
799011,23.6167,91.3667
799012,23.6167,91.3667
799015,23.6167,91.3667
799035,23.6167,91.3667
799045,23.6167,91.3667
799055,23.6167,91.3667
799101,23.53,91.6447
799102,23.5067,91.514
799103,23.5067,91.514
799104,23.5067,91.514
799105,23.4833,91.3833
799106,23.5067,91.514
799107,23.5067,91.514
799108,23.5067,91.514
799109,23.5067,91.514
799115,23.3166,91.5056
799119,23.3166,91.5056
799120,23.3166,91.5056
799121,23.3166,91.5056
799122,23.3166,91.5056
799123,23.3166,91.5056
799125,23.3166,91.5056
799130,23.3167,91.3167
799131,23.3167,91.3167
799132,23.3167,91.3167
799141,23,91.7319
799142,23,91.7319
799143,23,91.7319
799144,23,91.7319
799145,23,91.7319
799146,23,91.7319
799147,23,91.7319
799148,23,91.7319
799149,23,91.7319
799153,23.2528,91.4514
799155,23.2528,91.4514
799156,23.2528,91.4514
799157,23.2528,91.4514
799158,23.2528,91.4514
799159,23.2528,91.4514
799201,24.1,91.6333
799202,24.0112,91.6182
799203,23.9225,91.6031
799204,24.0112,91.6182
799205,24.0112,91.6182
799206,24.0112,91.6182
799210,24.139,91.7716
799211,24.139,91.7716
799212,24.139,91.7716
799213,24.139,91.7716
799214,24.139,91.7716
799250,24.139,91.7716
799251,24.139,91.7716
799252,24.139,91.7716
799260,24.139,91.7716
799261,24.139,91.7716
799262,24.139,91.7716
799263,24.139,91.7716
799264,24.139,91.7716
799265,24.139,91.7716
799269,24.139,91.7716
799270,24.3333,92.0167
799271,24.3333,92.0167
799273,24.3333,92.0167
799275,24.3333,92.0167
799277,24.3333,92.0167
799278,24.3333,92.0167
799279,24.3333,92.0167
799285,24.2,91.8333
799286,24.2,91.8333
799287,24.2,91.8333
799288,24.2,91.8333
799289,24.2,91.8333
799290,24.139,91.7716
811104,24.3298,85.6667
811111,24.3298,85.6667
811201,24.3298,85.6667
811212,24.3298,85.6667
811213,24.3298,85.6667
811214,24.3298,85.6667
811301,24.3298,85.6667
811302,24.3298,85.6667
811303,24.3298,85.6667
811304,24.3298,85.6667
811305,24.3298,85.6667
811307,24.3298,85.6667
811308,24.3298,85.6667
811309,24.3298,85.6667
811311,24.3298,85.6667
811312,24.3298,85.6667
811313,24.3298,85.6667
812001,24.3298,85.6667
812002,24.3298,85.6667
812003,24.3298,85.6667
812004,24.3298,85.6667
812005,24.3298,85.6667
812006,24.3298,85.6667
812007,24.3298,85.6667
813101,21.6833,72.2833
813102,21.6833,72.2833
813103,21.6833,72.2833
813105,21.6833,72.2833
813106,21.6833,72.2833
813107,21.6833,72.2833
813117,21.6833,72.2833
813201,21.6833,72.2833
813204,21.6833,72.2833
813205,21.6833,72.2833
813206,21.6833,72.2833
813210,21.6833,72.2833
813212,21.6833,72.2833
813221,21.6833,72.2833
813223,21.6833,72.2833
813226,21.6833,72.2833
813228,21.6833,72.2833
813231,21.6833,72.2833
813233,21.6833,72.2833
814101,23.6333,85.5167
814102,23.6333,85.5167
814103,23.6333,85.5167
814111,24.5333,87.5667
814112,24.5333,87.5667
814113,24.5333,87.5667
814114,24.5333,87.5667
814116,24.5333,87.5667
814117,24.5333,87.5667
814118,24.5333,87.5667
814119,24.5333,87.5667
814120,24.5222,85.4722
814131,24.5222,85.4722
814133,24.5222,85.4722
814141,24.4,87.05
814142,24.5167,86.65
814143,24.2167,84.6667
814144,24.675,84.9194
814145,24.4833,87.1333
814146,24.675,84.9194
814147,24.675,84.9194
814148,26.0333,76.9667
814150,23.4833,74.8167
814151,24.4833,86.65
814152,24.4833,86.65
814154,24.4833,86.65
814156,24.4833,86.65
814158,24.4833,86.65
814162,24.5222,85.4722
814165,24.5222,85.4722
814166,24.5222,85.4722
815301,24.1444,86.7611
815311,24.1444,86.7611
815312,24.1444,86.7611
815313,24.1444,86.7611
815314,24.1444,86.7611
815315,24.1444,86.7611
815316,24.1444,86.7611
815317,24.1444,86.7611
815351,23.95,86.8
815352,24.1444,86.7611
815353,24.25,86.65
815354,24.1444,86.7611
815355,24.1444,86.7611
815356,24.2333,86.8333
815357,24.1444,86.7611
815359,24.1444,86.7611
816101,24.8667,87.7833
816102,24.75,87.6875
816103,24.1833,87.6167
816104,24.7,87.7
816105,24.75,87.6875
816106,24.75,87.6875
816107,24.75,87.6875
816108,24.75,87.6875
816109,25.25,87.65
816115,24.3333,87.65
816116,24.3333,87.65
816117,24.3333,87.65
816119,24.3333,87.65
816120,24.1167,87.45
816121,24.1167,87.45
816122,24.1167,87.45
816123,24.1167,87.45
816124,24.1167,87.45
816125,24.1167,87.45
816129,24.1167,87.45
821103,23.908,85.4865
821104,23.908,85.4865
821106,23.908,85.4865
821110,23.908,85.4865
821113,23.908,85.4865
821115,23.908,85.4865
821116,23.908,85.4865
821119,23.908,85.4865
821125,23.908,85.4865
821301,23.908,85.4865
821302,23.908,85.4865
821303,23.908,85.4865
821305,23.908,85.4865
821306,23.908,85.4865
821307,23.908,85.4865
821308,23.908,85.4865
821309,23.908,85.4865
821310,23.908,85.4865
821312,23.908,85.4865
821316,23.908,85.4865
821317,23.908,85.4865
822101,24.1167,84.1238
822102,24.1167,84.1238
822110,24.1083,84.15
822111,23.8333,84.1167
822112,24.1083,84.15
822113,24.3833,84.1833
822114,24.1083,84.15
822115,24.1083,84.15
822116,24.1083,84.15
822118,24.1083,84.15
822119,24.1083,84.15
822120,24.1042,84.1333
822121,24.1042,84.1333
822122,24.0333,84.4833
822123,24.2167,84.1833
822124,24.1042,84.1333
822125,24.1042,84.1333
822126,23.9167,84.2667
822127,24.1042,84.1333
822128,24.25,83.6
822129,24.1042,84.1333
822131,24.1167,84.1238
822133,24.1167,84.1238
822138,24.1167,84.1238
822141,24.1833,84.0333
823001,24.8667,92.35
823002,24.8667,92.35
823004,24.8667,92.35
823005,24.8667,92.35
824111,22.3333,74.1167
824113,22.3333,74.1167
824114,22.3333,74.1167
824119,22.3333,74.1167
824120,22.3333,74.1167
824121,22.3333,74.1167
824122,22.3333,74.1167
824124,22.3333,74.1167
824125,22.3333,74.1167
824126,22.3333,74.1167
824127,22.3333,74.1167
824201,22.3333,74.1167
824202,22.3333,74.1167
824206,22.3333,74.1167
824208,22.3333,74.1167
824209,22.3333,74.1167
824211,22.3333,74.1167
824217,22.3333,74.1167
824232,22.3333,74.1167
824234,22.3333,74.1167
824236,22.3333,74.1167
824237,22.3333,74.1167
824301,22.3333,74.1167
824302,22.3333,74.1167
824303,22.3333,74.1167
825101,23.5667,85.65
825102,23.7333,85.4111
825103,24.0667,84.9333
825107,23.7333,85.4111
825108,23.7333,85.4111
825223,24.1048,85.3345
825301,23.7833,85.475
825313,23.7167,85.5
825314,23.7167,85.5
825315,23.7167,85.5
825316,23.7167,85.5
825317,23.7167,85.5
825318,23.7167,85.5
825319,23.7167,85.5
825320,23.7833,85.475
825321,23.7833,85.475
825324,23.7833,85.475
825325,23.7833,85.475
825327,23.7833,85.475
825329,23.7833,85.475
825330,23.85,85.45
825332,23.85,85.45
825335,23.85,85.45
825336,23.85,85.45
825401,24.2167,84.8667
825402,24.0833,85.4167
825403,24.3167,84.8
825404,24.3125,85.2667
825405,24.3,85.4167
825406,24.3833,85.25
825407,24.4833,85.7
825408,24.2833,85.1667
825409,24.4333,85.5167
825410,24.2,85.3667
825411,24.2,85.3667
825412,24.2,85.3667
825413,24.2,85.3667
825418,24.2,85.3667
825420,24.3,85.2778
825421,24.3,85.2778
826001,23.908,85.4865
826003,23.908,85.4865
826004,23.908,85.4865
827001,23.6333,86.1667
827003,23.6333,86.1667
827004,23.6333,86.1667
827009,23.6333,86.1667
827010,23.6333,86.1667
827011,23.6333,86.1667
827012,23.6333,86.1667
827013,23.6333,86.1667
827014,23.6333,86.1667
828101,23.8667,86.1667
828102,23.8333,86.3444
828103,23.8333,86.3444
828104,23.8333,86.3444
828106,23.8333,86.3444
828107,23.8333,86.3444
828108,23.8333,86.3444
828109,23.8333,86.5167
828110,23.7,86.4167
828111,23.75,86.4
828112,23.7167,86.4
828113,23.7333,86.4
828114,23.7333,86.4
828115,23.7333,86.4
828116,23.7667,86.3833
828117,23.7333,86.4
828119,23.7333,86.4
828120,23.7333,86.3556
828121,23.7833,86.3167
828122,23.6333,86.5
828123,23.7333,86.3556
828125,23.7333,86.3556
828126,23.7333,86.3556
828127,23.7333,86.3556
828128,23.7833,86.25
828129,23.7333,86.3556
828131,23.7167,86.4167
828133,23.6917,86.425
828134,23.6917,86.425
828135,23.6667,86.4333
828142,23.9833,86.45
828144,23.9833,86.45
828202,23.7667,86.3935
828203,23.7667,86.3935
828204,23.7667,86.3935
828205,23.7667,86.3935
828206,23.7667,86.3935
828207,23.7667,86.3935
828301,23.7111,86.3833
828302,23.7167,86.4
828303,23.6333,86.45
828304,23.7833,86.3
828305,23.7111,86.3833
828306,23.7111,86.3833
828307,23.7111,86.3833
828308,23.7111,86.3833
828311,23.7111,86.3833
828402,23.9,86.2
828403,23.9,86.2
828404,23.9,86.2
828504,23.7667,86.7333
829101,23.6708,85.5875
829102,23.6708,85.5875
829103,23.6708,85.5875
829105,23.6708,85.5875
829106,23.6708,85.5875
829108,23.6708,85.5875
829109,23.6708,85.5875
829110,23.55,85.7167
829112,23.6083,85.5
829113,23.6083,85.5
829114,23.6083,85.5
829115,23.6083,85.5
829116,23.6083,85.5
829117,23.6083,85.5
829118,23.6667,85.2833
829119,23.6083,85.5
829120,23.6708,85.5875
829121,23.6708,85.5875
829122,23.6708,85.5875
829124,23.6708,85.5875
829125,23.6708,85.5875
829126,23.6708,85.5875
829127,23.6708,85.5875
829128,23.6708,85.5875
829129,23.6708,85.5875
829130,23.7333,85.675
829131,23.7333,85.675
829134,23.8167,86
829135,23.65,85.35
829138,23.7333,85.675
829141,23.6708,85.5875
829143,23.6708,85.5875
829144,23.6708,85.5875
829145,23.6708,85.5875
829146,23.6708,85.5875
829149,23.6708,85.5875
829201,23.75,84.5
829202,23.75,84.5
829203,23.75,84.5
829204,23.75,84.5
829206,23.75,84.5
829207,23.75,84.5
829210,23.75,84.5
829211,23.75,84.5
829317,24.2333,85.2333
831001,22.7667,86.1833
831002,22.7667,86.1833
831003,22.7667,86.1833
831004,22.7667,86.1833
831005,22.7667,86.1833
831006,22.7667,86.1833
831007,22.7667,86.1833
831008,22.7667,86.1833
831009,22.7667,86.1833
831010,22.8167,86.1667
831011,22.8167,86.1667
831012,22.8167,86.1667
831013,22.8167,86.1667
831014,22.8167,86.1667
831015,22.8167,86.1667
831016,22.8167,86.1667
831017,22.8167,86.1667
831018,22.8167,86.1667
832101,22.2833,86.7167
832103,22.2833,86.7167
832104,22.2833,86.7167
832105,22.2833,86.7167
832106,22.2833,86.7167
832107,22.2833,86.7167
832108,22.2833,86.7167
832109,22.2833,86.7167
832110,22.2833,86.7167
832112,22.2833,86.7167
832113,22.2833,86.7167
832301,22.625,86.4417
832302,22.625,86.4417
832303,22.6,86.4833
832304,22.65,86.4
832401,22.9667,86.05
832402,22.85,86.05
832403,22.9083,86.05
833101,22.75,85.8
833102,22.7,85.6333
833103,22.5333,85.3833
833104,22.3833,85.2
833105,22.6,85.4667
833106,22.3,85.2667
833201,22.5667,85.8167
833202,22.4,85.7333
833203,22.2333,85.65
833212,22.175,85.4583
833213,22.2,85.3833
833214,22.175,85.4583
833215,22.175,85.4583
833216,22.175,85.4583
833217,22.15,85.5333
833218,22.175,85.4583
833219,22.175,85.4583
833220,22.8,85.9667
833221,22.8,85.9667
833222,22.8,85.9667
833233,22.39,85.67
833326,22.4742,85.5545
834001,22.7583,85.3728
834002,22.7583,85.3728
834003,22.7583,85.3728
834004,22.7583,85.3728
834005,22.7583,85.3728
834006,22.7583,85.3728
834007,22.7583,85.3728
834008,22.7583,85.3728
834009,22.7583,85.3728
834010,22.7583,85.3728
834011,22.7583,85.3728
834012,22.7583,85.3728
835103,23.05,84.6694
835104,23.05,84.6694
835201,22.6667,84.9167
835206,22.6667,84.9167
835207,22.6667,84.9167
835208,22.6667,84.9167
835209,22.6667,84.9167
835211,22.7167,84.7
835212,23.25,84.5944
835213,23.55,84.8167
835214,23.25,84.5944
835218,23.4833,84.2667
835219,23.25,84.5944
835220,22.8833,84.65
835221,22.85,84.6633
835223,22.6167,84.5167
835224,23.1833,84.7667
835225,22.85,84.6633
835226,22.85,84.6633
835227,22.85,84.6633
835228,22.6833,84.55
835229,22.8833,84.8333
835230,23.15,84.5333
835232,23.15,84.5333
835233,23.15,84.5333
835234,23.15,84.5333
835235,23.15,84.5333
835238,23.15,84.5333
835239,23.15,84.5333
835242,22.9817,84.655
835244,22.9817,84.655
835301,23.3917,84.7417
835302,23.4333,84.6833
835304,23.3917,84.7417
835305,23.3917,84.7417
835306,23.35,84.8
841105,25.0333,88.45
841203,25.0333,88.45
841204,25.0333,88.45
841205,25.0333,88.45
841206,25.0333,88.45
841208,25.0333,88.45
841210,25.0333,88.45
841211,25.0333,88.45
841212,25.0333,88.45
841215,25.0333,88.45
841216,25.0333,88.45
841217,25.0333,88.45
841218,25.0333,88.45
841219,25.0333,88.45
841220,25.0333,88.45
841224,25.0333,88.45
841226,25.0333,88.45
841231,25.0333,88.45
841233,25.0333,88.45
841234,25.0333,88.45
841236,25.0333,88.45
841237,25.0333,88.45
841238,25.0333,88.45
841239,25.0333,88.45
841240,25.0333,88.45
841241,25.0333,88.45
841242,25.0333,88.45
841243,25.0333,88.45
841244,25.0333,88.45
841245,25.0333,88.45
841246,25.0333,88.45
841247,25.0333,88.45
841254,25.0333,88.45
841301,25.0333,88.45
841311,25.0333,88.45
841312,25.0333,88.45
841316,25.0333,88.45
841401,25.0333,88.45
841402,25.0333,88.45
841404,25.0333,88.45
841411,25.0333,88.45
841412,25.0333,88.45
841413,25.0333,88.45
841420,25.0333,88.45
841421,25.0333,88.45
841422,25.0333,88.45
841424,25.0333,88.45
841430,25.0333,88.45
841431,25.0333,88.45
841432,25.0333,88.45
841434,25.0333,88.45
841442,25.0333,88.45
841443,25.0333,88.45
841504,25.0333,88.45
841506,25.0333,88.45
842001,25.2917,88.5333
842002,25.2917,88.5333
842004,25.2917,88.5333
843101,25.2917,88.5333
843104,25.2917,88.5333
843105,25.2917,88.5333
843106,25.2917,88.5333
843107,25.2917,88.5333
843108,25.2917,88.5333
843109,25.2917,88.5333
843112,25.2917,88.5333
843113,25.2917,88.5333
843114,25.2917,88.5333
843115,25.2917,88.5333
843116,25.2917,88.5333
843117,25.2917,88.5333
843120,25.2917,88.5333
843121,25.2917,88.5333
843122,25.2917,88.5333
843123,25.2917,88.5333
843124,25.2917,88.5333
843126,25.2917,88.5333
843129,25.2917,88.5333
843130,25.2917,88.5333
843139,25.2917,88.5333
843141,25.2917,88.5333
843143,25.2917,88.5333
843144,25.2917,88.5333
843147,25.2917,88.5333
843164,25.2917,88.5333
843301,25.2917,88.5333
843313,25.2917,88.5333
843314,25.2917,88.5333
843320,25.2917,88.5333
843321,25.2917,88.5333
843322,25.2917,88.5333
843324,25.2917,88.5333
843325,25.2917,88.5333
843326,30.25,77.5833
843332,25.2917,88.5333
843333,25.2917,88.5333
843342,25.2917,88.5333
843356,25.2917,88.5333
843360,25.2917,88.5333
843361,25.2917,88.5333
843362,25.2917,88.5333
844101,25.2917,88.5333
844111,25.2917,88.5333
844112,25.2917,88.5333
844113,25.2917,88.5333
844115,25.2917,88.5333
844117,25.2917,88.5333
844118,25.2917,88.5333
844119,25.2917,88.5333
844121,25.2917,88.5333
844122,25.2917,88.5333
844123,25.2917,88.5333
844124,25.2917,88.5333
844125,25.2917,88.5333
844128,25.2917,88.5333
844131,25.2917,88.5333
844141,25.2917,88.5333
844504,25.2917,88.5333
844505,25.2917,88.5333
844506,25.2917,88.5333
844507,25.2917,88.5333
844508,25.2917,88.5333
844509,25.2917,88.5333
845101,25.2917,88.5333
845104,25.2917,88.5333
845105,25.2917,88.5333
845106,25.2917,88.5333
845107,25.2917,88.5333
845108,25.2917,88.5333
845119,25.2917,88.5333
845120,25.2917,88.5333
845145,25.2917,88.5333
845301,25.2917,88.5333
845302,25.2917,88.5333
845303,25.2917,88.5333
845304,25.2917,88.5333
845306,25.2917,88.5333
845308,25.2917,88.5333
845312,25.2917,88.5333
845401,25.2917,88.5333
845406,25.2917,88.5333
845411,25.2917,88.5333
845412,25.2917,88.5333
845413,25.2917,88.5333
845414,25.2917,88.5333
845416,25.2917,88.5333
845417,25.2917,88.5333
845418,25.2917,88.5333
845419,25.2917,88.5333
845420,25.2917,88.5333
845421,25.2917,88.5333
845422,25.2917,88.5333
845423,25.2917,88.5333
845425,25.2917,88.5333
845427,25.2917,88.5333
845428,25.2917,88.5333
845430,25.2917,88.5333
845431,25.2917,88.5333
845432,25.2917,88.5333
845433,25.2917,88.5333
845434,25.2917,88.5333
845436,25.2917,88.5333
845438,25.2917,88.5333
845440,25.2917,88.5333
845449,25.2917,88.5333
845452,25.2917,88.5333
845453,25.2917,88.5333
845454,25.2917,88.5333
845455,25.2917,88.5333
845457,25.2917,88.5333
845458,25.2917,88.5333
845459,25.2917,88.5333
845466,25.2917,88.5333
845470,25.2917,88.5333
845475,25.2917,88.5333
845481,25.2917,88.5333
845485,25.2917,88.5333
845492,25.2917,88.5333
845513,25.2917,88.5333
845520,25.2917,88.5333
846001,25.2917,88.5333
846003,25.2917,88.5333
846004,25.2917,88.5333
846005,25.2917,88.5333
846007,25.2917,88.5333
847101,25.2917,88.5333
847105,25.2917,88.5333
847106,25.2917,88.5333
847121,25.2917,88.5333
847201,25.2917,88.5333
847211,25.2917,88.5333
847222,25.2917,88.5333
847224,25.2917,88.5333
847226,25.2917,88.5333
847231,25.2917,88.5333
847232,25.2917,88.5333
847234,25.2917,88.5333
847235,25.2917,88.5333
847236,25.2917,88.5333
847239,25.2917,88.5333
847255,25.2917,88.5333
847301,25.2917,88.5333
847303,25.2917,88.5333
847304,25.2917,88.5333
847305,25.2917,88.5333
847308,25.2917,88.5333
847401,25.2917,88.5333
847402,25.2917,88.5333
847403,25.2917,88.5333
847404,25.2917,88.5333
847406,25.2917,88.5333
847407,25.2917,88.5333
847408,25.2917,88.5333
847410,25.2917,88.5333
847411,25.2917,88.5333
847419,25.2917,88.5333
847421,25.2917,88.5333
847422,25.2917,88.5333
847424,25.2917,88.5333
847451,25.2917,88.5333
848101,25.55,88.6167
848102,25.55,88.6167
848109,25.55,88.6167
848111,25.55,88.6167
848114,25.55,88.6167
848117,25.55,88.6167
848120,25.55,88.6167
848122,25.55,88.6167
848124,23.8667,75.9833
848127,25.55,88.6167
848130,25.55,88.6167
848131,25.55,88.6167
848132,25.55,88.6167
848133,25.55,88.6167
848134,25.55,88.6167
848139,25.55,88.6167
848153,25.55,88.6167
848160,25.55,88.6167
848201,25.55,88.6167
848203,25.55,88.6167
848204,25.55,88.6167
848205,25.55,88.6167
848208,25.55,88.6167
848211,25.55,88.6167
848223,25.55,88.6167
848239,25.55,88.6167
848302,25.55,88.6167
848504,25.55,88.6167
848506,25.55,88.6167
851101,24.9833,81.0583
851111,24.9833,81.0583
851112,24.9833,81.0583
851122,24.9833,81.0583
851126,24.9833,81.0583
851130,24.9833,81.0583
851131,24.9833,81.0583
851133,24.9833,81.0583
851134,24.9833,81.0583
851201,24.9833,81.0583
851203,24.9833,81.0583
851211,24.9833,81.0583
851213,24.9833,81.0583
851215,24.9833,81.0583
851216,24.9833,81.0583
851217,24.9833,81.0583
851219,24.9833,81.0583
851225,24.9833,81.0583
852107,24.9833,81.0583
852108,24.9833,81.0583
852109,24.9833,81.0583
852110,24.9833,81.0583
852111,24.9833,81.0583
852113,24.9833,81.0583
852123,24.9833,81.0583
852124,24.9833,81.0583
852126,24.9833,81.0583
852138,24.9833,81.0583
852139,24.9833,81.0583
852159,24.9833,81.0583
852201,24.9833,81.0583
852212,24.9833,81.0583
852213,24.9833,81.0583
852214,24.9833,81.0583
852215,24.9833,81.0583
852216,24.9833,81.0583
852217,24.9833,81.0583
852220,24.9833,81.0583
852233,24.9833,81.0583
852235,24.9833,81.0583
853203,24.9833,81.0583
853204,24.9833,81.0583
853205,24.9833,81.0583
854102,24.9833,81.0583
854105,24.9833,81.0583
854106,24.9833,81.0583
854107,24.9833,81.0583
854113,24.9833,81.0583
854116,24.9833,81.0583
854201,24.9833,81.0583
854202,24.9833,81.0583
854204,24.9833,81.0583
854205,24.9833,81.0583
854206,24.9833,81.0583
854311,24.9833,81.0583
854312,24.9833,81.0583
854315,24.9833,81.0583
854318,24.9833,81.0583
854325,26.4167,87.25
854326,26.4167,87.25
854327,26.4167,87.25
854328,26.4167,87.25
854330,23.55,74.8667
854333,23.55,74.8667
854335,23.55,74.8667
854336,23.55,74.8667
854339,23.55,74.8667
854347,24.9833,81.0583
854357,24.9833,81.0583
854364,24.9833,81.0583
855101,24.9833,81.0583
855106,24.9833,81.0583
855113,24.9833,81.0583
855116,24.9833,81.0583
855117,24.9833,81.0583
855119,24.9833,81.0583
855121,24.9833,81.0583
855126,24.9833,81.0583